<?xml version="1.0" encoding="UTF-8"?>
<GenRun Id="synth_1" LaunchPart="xczu7ev-ffvf1517-1LV-i" LaunchTime="1584570362">
  <File Type="PA-TCL" Name="top.tcl"/>
  <File Type="RDS-PROPCONSTRS" Name="top_drc_synth.rpt"/>
  <File Type="REPORTS-TCL" Name="top_reports.tcl"/>
  <File Type="RDS-RDS" Name="top.vds"/>
  <File Type="RDS-UTIL" Name="top_utilization_synth.rpt"/>
  <File Type="RDS-UTIL-PB" Name="top_utilization_synth.pb"/>
  <File Type="RDS-DCP" Name="top.dcp"/>
  <File Type="VDS-TIMINGSUMMARY" Name="top_timing_summary_synth.rpt"/>
  <File Type="VDS-TIMING-PB" Name="top_timing_summary_synth.pb"/>
  <FileSet Name="sources" Type="DesignSrcs" RelSrcDir="$PSRCDIR/sources_1">
    <Filter Type="Srcs"/>
    <File Path="$PSRCDIR/sources_1/imports/RTL/dsp/fir/FIR_filter.v">
      <FileInfo>
        <Attr Name="ImportPath" Val="$PPRDIR/../wb_soc/RTL/dsp/fir/FIR_filter.v"/>
        <Attr Name="ImportTime" Val="1565412628"/>
        <Attr Name="UsedIn" Val="synthesis"/>
        <Attr Name="UsedIn" Val="implementation"/>
        <Attr Name="UsedIn" Val="simulation"/>
      </FileInfo>
    </File>
    <File Path="$PSRCDIR/sources_1/imports/RTL/dsp/iir/IIR_filter.v">
      <FileInfo>
        <Attr Name="ImportPath" Val="$PPRDIR/../wb_soc/RTL/dsp/iir/IIR_filter.v"/>
        <Attr Name="ImportTime" Val="1536036424"/>
        <Attr Name="UsedIn" Val="synthesis"/>
        <Attr Name="UsedIn" Val="implementation"/>
        <Attr Name="UsedIn" Val="simulation"/>
      </FileInfo>
    </File>
    <File Path="$PSRCDIR/sources_1/imports/RTL/crypto/aes/aes_192.v">
      <FileInfo>
        <Attr Name="ImportPath" Val="$PPRDIR/../wb_soc/RTL/crypto/aes/aes_192.v"/>
        <Attr Name="ImportTime" Val="1544558158"/>
        <Attr Name="UsedIn" Val="synthesis"/>
        <Attr Name="UsedIn" Val="implementation"/>
        <Attr Name="UsedIn" Val="simulation"/>
      </FileInfo>
    </File>
    <File Path="$PSRCDIR/sources_1/imports/RTL/crypto/aes/aes_top.v">
      <FileInfo>
        <Attr Name="ImportPath" Val="$PPRDIR/../wb_soc/RTL/crypto/aes/aes_top.v"/>
        <Attr Name="ImportTime" Val="1544558158"/>
        <Attr Name="UsedIn" Val="synthesis"/>
        <Attr Name="UsedIn" Val="implementation"/>
        <Attr Name="UsedIn" Val="simulation"/>
      </FileInfo>
    </File>
    <File Path="$PSRCDIR/sources_1/imports/RTL/crypto/des3/crp.v">
      <FileInfo>
        <Attr Name="ImportPath" Val="$PPRDIR/../wb_soc/RTL/crypto/des3/crp.v"/>
        <Attr Name="ImportTime" Val="1544558158"/>
        <Attr Name="UsedIn" Val="synthesis"/>
        <Attr Name="UsedIn" Val="implementation"/>
        <Attr Name="UsedIn" Val="simulation"/>
      </FileInfo>
    </File>
    <File Path="$PSRCDIR/sources_1/imports/RTL/crypto/des3/des3.v">
      <FileInfo>
        <Attr Name="ImportPath" Val="$PPRDIR/../wb_soc/RTL/crypto/des3/des3.v"/>
        <Attr Name="ImportTime" Val="1544558158"/>
        <Attr Name="UsedIn" Val="synthesis"/>
        <Attr Name="UsedIn" Val="implementation"/>
        <Attr Name="UsedIn" Val="simulation"/>
      </FileInfo>
    </File>
    <File Path="$PSRCDIR/sources_1/imports/RTL/crypto/des3/des3_top.v">
      <FileInfo>
        <Attr Name="ImportPath" Val="$PPRDIR/../wb_soc/RTL/crypto/des3/des3_top.v"/>
        <Attr Name="ImportTime" Val="1544558158"/>
        <Attr Name="UsedIn" Val="synthesis"/>
        <Attr Name="UsedIn" Val="implementation"/>
        <Attr Name="UsedIn" Val="simulation"/>
      </FileInfo>
    </File>
    <File Path="$PSRCDIR/sources_1/imports/RTL/dsp/dft/dft_top.v">
      <FileInfo>
        <Attr Name="ImportPath" Val="$PPRDIR/../wb_soc/RTL/dsp/dft/dft_top.v"/>
        <Attr Name="ImportTime" Val="1536032676"/>
        <Attr Name="UsedIn" Val="synthesis"/>
        <Attr Name="UsedIn" Val="implementation"/>
        <Attr Name="UsedIn" Val="simulation"/>
      </FileInfo>
    </File>
    <File Path="$PSRCDIR/sources_1/imports/RTL/dsp/dft/dft_top_top.v">
      <FileInfo>
        <Attr Name="ImportPath" Val="$PPRDIR/../wb_soc/RTL/dsp/dft/dft_top_top.v"/>
        <Attr Name="ImportTime" Val="1544558158"/>
        <Attr Name="UsedIn" Val="synthesis"/>
        <Attr Name="UsedIn" Val="implementation"/>
        <Attr Name="UsedIn" Val="simulation"/>
      </FileInfo>
    </File>
    <File Path="$PSRCDIR/sources_1/imports/RTL/dsp/fir/fir_top.v">
      <FileInfo>
        <Attr Name="ImportPath" Val="$PPRDIR/../wb_soc/RTL/dsp/fir/fir_top.v"/>
        <Attr Name="ImportTime" Val="1544558158"/>
        <Attr Name="UsedIn" Val="synthesis"/>
        <Attr Name="UsedIn" Val="implementation"/>
        <Attr Name="UsedIn" Val="simulation"/>
      </FileInfo>
    </File>
    <File Path="$PSRCDIR/sources_1/imports/RTL/dsp/idft/idft_top.v">
      <FileInfo>
        <Attr Name="ImportPath" Val="$PPRDIR/../wb_soc/RTL/dsp/idft/idft_top.v"/>
        <Attr Name="ImportTime" Val="1536032964"/>
        <Attr Name="UsedIn" Val="synthesis"/>
        <Attr Name="UsedIn" Val="implementation"/>
        <Attr Name="UsedIn" Val="simulation"/>
      </FileInfo>
    </File>
    <File Path="$PSRCDIR/sources_1/imports/RTL/dsp/idft/idft_top_top.v">
      <FileInfo>
        <Attr Name="ImportPath" Val="$PPRDIR/../wb_soc/RTL/dsp/idft/idft_top_top.v"/>
        <Attr Name="ImportTime" Val="1544558158"/>
        <Attr Name="UsedIn" Val="synthesis"/>
        <Attr Name="UsedIn" Val="implementation"/>
        <Attr Name="UsedIn" Val="simulation"/>
      </FileInfo>
    </File>
    <File Path="$PSRCDIR/sources_1/imports/RTL/dsp/iir/iir_top.v">
      <FileInfo>
        <Attr Name="ImportPath" Val="$PPRDIR/../wb_soc/RTL/dsp/iir/iir_top.v"/>
        <Attr Name="ImportTime" Val="1544561758"/>
        <Attr Name="UsedIn" Val="synthesis"/>
        <Attr Name="UsedIn" Val="implementation"/>
        <Attr Name="UsedIn" Val="simulation"/>
      </FileInfo>
    </File>
    <File Path="$PSRCDIR/sources_1/imports/RTL/crypto/des3/key_sel3.v">
      <FileInfo>
        <Attr Name="ImportPath" Val="$PPRDIR/../wb_soc/RTL/crypto/des3/key_sel3.v"/>
        <Attr Name="ImportTime" Val="1544558158"/>
        <Attr Name="UsedIn" Val="synthesis"/>
        <Attr Name="UsedIn" Val="implementation"/>
        <Attr Name="UsedIn" Val="simulation"/>
      </FileInfo>
    </File>
    <File Path="$PSRCDIR/sources_1/imports/RTL/crypto/md5/md5_top.v">
      <FileInfo>
        <Attr Name="ImportPath" Val="$PPRDIR/../wb_soc/RTL/crypto/md5/md5_top.v"/>
        <Attr Name="ImportTime" Val="1544558158"/>
        <Attr Name="UsedIn" Val="synthesis"/>
        <Attr Name="UsedIn" Val="implementation"/>
        <Attr Name="UsedIn" Val="simulation"/>
      </FileInfo>
    </File>
    <File Path="$PSRCDIR/sources_1/imports/RTL/crypto/md5/pancham.v">
      <FileInfo>
        <Attr Name="ImportPath" Val="$PPRDIR/../wb_soc/RTL/crypto/md5/pancham.v"/>
        <Attr Name="ImportTime" Val="1544558158"/>
        <Attr Name="UsedIn" Val="synthesis"/>
        <Attr Name="UsedIn" Val="implementation"/>
        <Attr Name="UsedIn" Val="simulation"/>
      </FileInfo>
    </File>
    <File Path="$PSRCDIR/sources_1/imports/RTL/crypto/md5/pancham_round.v">
      <FileInfo>
        <Attr Name="ImportPath" Val="$PPRDIR/../wb_soc/RTL/crypto/md5/pancham_round.v"/>
        <Attr Name="ImportTime" Val="1544558158"/>
        <Attr Name="UsedIn" Val="synthesis"/>
        <Attr Name="UsedIn" Val="implementation"/>
        <Attr Name="UsedIn" Val="simulation"/>
      </FileInfo>
    </File>
    <File Path="$PSRCDIR/sources_1/imports/RTL/picorv32/picorv32.v">
      <FileInfo>
        <Attr Name="ImportPath" Val="$PPRDIR/../wb_soc/RTL/picorv32/picorv32.v"/>
        <Attr Name="ImportTime" Val="1565818652"/>
        <Attr Name="UsedIn" Val="synthesis"/>
        <Attr Name="UsedIn" Val="implementation"/>
        <Attr Name="UsedIn" Val="simulation"/>
      </FileInfo>
    </File>
    <File Path="$PSRCDIR/sources_1/imports/RTL/picorv32/picorv32_top.v">
      <FileInfo>
        <Attr Name="ImportPath" Val="$PPRDIR/../wb_soc/RTL/picorv32/picorv32_top.v"/>
        <Attr Name="ImportTime" Val="1565856278"/>
        <Attr Name="UsedIn" Val="synthesis"/>
        <Attr Name="UsedIn" Val="implementation"/>
        <Attr Name="UsedIn" Val="simulation"/>
      </FileInfo>
    </File>
    <File Path="$PSRCDIR/sources_1/imports/RTL/uart/raminfr.v">
      <FileInfo>
        <Attr Name="ImportPath" Val="$PPRDIR/../wb_soc/RTL/uart/raminfr.v"/>
        <Attr Name="ImportTime" Val="1544558158"/>
        <Attr Name="UsedIn" Val="synthesis"/>
        <Attr Name="UsedIn" Val="implementation"/>
        <Attr Name="UsedIn" Val="simulation"/>
      </FileInfo>
    </File>
    <File Path="$PSRCDIR/sources_1/imports/RTL/crypto/aes/round.v">
      <FileInfo>
        <Attr Name="ImportPath" Val="$PPRDIR/../wb_soc/RTL/crypto/aes/round.v"/>
        <Attr Name="ImportTime" Val="1544558158"/>
        <Attr Name="UsedIn" Val="synthesis"/>
        <Attr Name="UsedIn" Val="implementation"/>
        <Attr Name="UsedIn" Val="simulation"/>
      </FileInfo>
    </File>
    <File Path="$PSRCDIR/sources_1/imports/RTL/crypto/des3/sbox1.v">
      <FileInfo>
        <Attr Name="ImportPath" Val="$PPRDIR/../wb_soc/RTL/crypto/des3/sbox1.v"/>
        <Attr Name="ImportTime" Val="1544558158"/>
        <Attr Name="UsedIn" Val="synthesis"/>
        <Attr Name="UsedIn" Val="implementation"/>
        <Attr Name="UsedIn" Val="simulation"/>
      </FileInfo>
    </File>
    <File Path="$PSRCDIR/sources_1/imports/RTL/crypto/des3/sbox2.v">
      <FileInfo>
        <Attr Name="ImportPath" Val="$PPRDIR/../wb_soc/RTL/crypto/des3/sbox2.v"/>
        <Attr Name="ImportTime" Val="1544558158"/>
        <Attr Name="UsedIn" Val="synthesis"/>
        <Attr Name="UsedIn" Val="implementation"/>
        <Attr Name="UsedIn" Val="simulation"/>
      </FileInfo>
    </File>
    <File Path="$PSRCDIR/sources_1/imports/RTL/crypto/des3/sbox3.v">
      <FileInfo>
        <Attr Name="ImportPath" Val="$PPRDIR/../wb_soc/RTL/crypto/des3/sbox3.v"/>
        <Attr Name="ImportTime" Val="1544558158"/>
        <Attr Name="UsedIn" Val="synthesis"/>
        <Attr Name="UsedIn" Val="implementation"/>
        <Attr Name="UsedIn" Val="simulation"/>
      </FileInfo>
    </File>
    <File Path="$PSRCDIR/sources_1/imports/RTL/crypto/des3/sbox4.v">
      <FileInfo>
        <Attr Name="ImportPath" Val="$PPRDIR/../wb_soc/RTL/crypto/des3/sbox4.v"/>
        <Attr Name="ImportTime" Val="1544558158"/>
        <Attr Name="UsedIn" Val="synthesis"/>
        <Attr Name="UsedIn" Val="implementation"/>
        <Attr Name="UsedIn" Val="simulation"/>
      </FileInfo>
    </File>
    <File Path="$PSRCDIR/sources_1/imports/RTL/crypto/des3/sbox5.v">
      <FileInfo>
        <Attr Name="ImportPath" Val="$PPRDIR/../wb_soc/RTL/crypto/des3/sbox5.v"/>
        <Attr Name="ImportTime" Val="1544558158"/>
        <Attr Name="UsedIn" Val="synthesis"/>
        <Attr Name="UsedIn" Val="implementation"/>
        <Attr Name="UsedIn" Val="simulation"/>
      </FileInfo>
    </File>
    <File Path="$PSRCDIR/sources_1/imports/RTL/crypto/des3/sbox6.v">
      <FileInfo>
        <Attr Name="ImportPath" Val="$PPRDIR/../wb_soc/RTL/crypto/des3/sbox6.v"/>
        <Attr Name="ImportTime" Val="1544558158"/>
        <Attr Name="UsedIn" Val="synthesis"/>
        <Attr Name="UsedIn" Val="implementation"/>
        <Attr Name="UsedIn" Val="simulation"/>
      </FileInfo>
    </File>
    <File Path="$PSRCDIR/sources_1/imports/RTL/crypto/des3/sbox7.v">
      <FileInfo>
        <Attr Name="ImportPath" Val="$PPRDIR/../wb_soc/RTL/crypto/des3/sbox7.v"/>
        <Attr Name="ImportTime" Val="1544558158"/>
        <Attr Name="UsedIn" Val="synthesis"/>
        <Attr Name="UsedIn" Val="implementation"/>
        <Attr Name="UsedIn" Val="simulation"/>
      </FileInfo>
    </File>
    <File Path="$PSRCDIR/sources_1/imports/RTL/crypto/des3/sbox8.v">
      <FileInfo>
        <Attr Name="ImportPath" Val="$PPRDIR/../wb_soc/RTL/crypto/des3/sbox8.v"/>
        <Attr Name="ImportTime" Val="1544558158"/>
        <Attr Name="UsedIn" Val="synthesis"/>
        <Attr Name="UsedIn" Val="implementation"/>
        <Attr Name="UsedIn" Val="simulation"/>
      </FileInfo>
    </File>
    <File Path="$PSRCDIR/sources_1/imports/RTL/crypto/sha256/sha256.v">
      <FileInfo>
        <Attr Name="ImportPath" Val="$PPRDIR/../wb_soc/RTL/crypto/sha256/sha256.v"/>
        <Attr Name="ImportTime" Val="1544558158"/>
        <Attr Name="UsedIn" Val="synthesis"/>
        <Attr Name="UsedIn" Val="implementation"/>
        <Attr Name="UsedIn" Val="simulation"/>
      </FileInfo>
    </File>
    <File Path="$PSRCDIR/sources_1/imports/RTL/crypto/sha256/sha256_k_constants.v">
      <FileInfo>
        <Attr Name="ImportPath" Val="$PPRDIR/../wb_soc/RTL/crypto/sha256/sha256_k_constants.v"/>
        <Attr Name="ImportTime" Val="1544558158"/>
        <Attr Name="UsedIn" Val="synthesis"/>
        <Attr Name="UsedIn" Val="implementation"/>
        <Attr Name="UsedIn" Val="simulation"/>
      </FileInfo>
    </File>
    <File Path="$PSRCDIR/sources_1/imports/RTL/crypto/sha256/sha256_top.v">
      <FileInfo>
        <Attr Name="ImportPath" Val="$PPRDIR/../wb_soc/RTL/crypto/sha256/sha256_top.v"/>
        <Attr Name="ImportTime" Val="1544558158"/>
        <Attr Name="UsedIn" Val="synthesis"/>
        <Attr Name="UsedIn" Val="implementation"/>
        <Attr Name="UsedIn" Val="simulation"/>
      </FileInfo>
    </File>
    <File Path="$PSRCDIR/sources_1/imports/RTL/crypto/sha256/sha256_w_mem.v">
      <FileInfo>
        <Attr Name="ImportPath" Val="$PPRDIR/../wb_soc/RTL/crypto/sha256/sha256_w_mem.v"/>
        <Attr Name="ImportTime" Val="1544558158"/>
        <Attr Name="UsedIn" Val="synthesis"/>
        <Attr Name="UsedIn" Val="implementation"/>
        <Attr Name="UsedIn" Val="simulation"/>
      </FileInfo>
    </File>
    <File Path="$PSRCDIR/sources_1/imports/RTL/crypto/aes/table.v">
      <FileInfo>
        <Attr Name="ImportPath" Val="$PPRDIR/../wb_soc/RTL/crypto/aes/table.v"/>
        <Attr Name="ImportTime" Val="1544558158"/>
        <Attr Name="UsedIn" Val="synthesis"/>
        <Attr Name="UsedIn" Val="implementation"/>
        <Attr Name="UsedIn" Val="simulation"/>
      </FileInfo>
    </File>
    <File Path="$PSRCDIR/sources_1/imports/RTL/uart/uart_defines.v">
      <FileInfo SFType="VHeader">
        <Attr Name="ImportPath" Val="$PPRDIR/../wb_soc/RTL/uart/uart_defines.v"/>
        <Attr Name="ImportTime" Val="1544558158"/>
        <Attr Name="UsedIn" Val="synthesis"/>
        <Attr Name="UsedIn" Val="simulation"/>
      </FileInfo>
    </File>
    <File Path="$PSRCDIR/sources_1/imports/RTL/uart/uart_receiver.v">
      <FileInfo>
        <Attr Name="ImportPath" Val="$PPRDIR/../wb_soc/RTL/uart/uart_receiver.v"/>
        <Attr Name="ImportTime" Val="1544558158"/>
        <Attr Name="UsedIn" Val="synthesis"/>
        <Attr Name="UsedIn" Val="implementation"/>
        <Attr Name="UsedIn" Val="simulation"/>
      </FileInfo>
    </File>
    <File Path="$PSRCDIR/sources_1/imports/RTL/uart/uart_regs.v">
      <FileInfo>
        <Attr Name="ImportPath" Val="$PPRDIR/../wb_soc/RTL/uart/uart_regs.v"/>
        <Attr Name="ImportTime" Val="1544558158"/>
        <Attr Name="UsedIn" Val="synthesis"/>
        <Attr Name="UsedIn" Val="implementation"/>
        <Attr Name="UsedIn" Val="simulation"/>
      </FileInfo>
    </File>
    <File Path="$PSRCDIR/sources_1/imports/RTL/uart/uart_rfifo.v">
      <FileInfo>
        <Attr Name="ImportPath" Val="$PPRDIR/../wb_soc/RTL/uart/uart_rfifo.v"/>
        <Attr Name="ImportTime" Val="1544558158"/>
        <Attr Name="UsedIn" Val="synthesis"/>
        <Attr Name="UsedIn" Val="implementation"/>
        <Attr Name="UsedIn" Val="simulation"/>
      </FileInfo>
    </File>
    <File Path="$PSRCDIR/sources_1/imports/RTL/uart/uart_sync_flops.v">
      <FileInfo>
        <Attr Name="ImportPath" Val="$PPRDIR/../wb_soc/RTL/uart/uart_sync_flops.v"/>
        <Attr Name="ImportTime" Val="1544558158"/>
        <Attr Name="UsedIn" Val="synthesis"/>
        <Attr Name="UsedIn" Val="implementation"/>
        <Attr Name="UsedIn" Val="simulation"/>
      </FileInfo>
    </File>
    <File Path="$PSRCDIR/sources_1/imports/RTL/uart/uart_tfifo.v">
      <FileInfo>
        <Attr Name="ImportPath" Val="$PPRDIR/../wb_soc/RTL/uart/uart_tfifo.v"/>
        <Attr Name="ImportTime" Val="1544558158"/>
        <Attr Name="UsedIn" Val="synthesis"/>
        <Attr Name="UsedIn" Val="implementation"/>
        <Attr Name="UsedIn" Val="simulation"/>
      </FileInfo>
    </File>
    <File Path="$PSRCDIR/sources_1/imports/RTL/uart/uart_top.v">
      <FileInfo>
        <Attr Name="ImportPath" Val="$PPRDIR/../wb_soc/RTL/uart/uart_top.v"/>
        <Attr Name="ImportTime" Val="1544558158"/>
        <Attr Name="UsedIn" Val="synthesis"/>
        <Attr Name="UsedIn" Val="implementation"/>
        <Attr Name="UsedIn" Val="simulation"/>
      </FileInfo>
    </File>
    <File Path="$PSRCDIR/sources_1/imports/RTL/uart/uart_transmitter.v">
      <FileInfo>
        <Attr Name="ImportPath" Val="$PPRDIR/../wb_soc/RTL/uart/uart_transmitter.v"/>
        <Attr Name="ImportTime" Val="1544558158"/>
        <Attr Name="UsedIn" Val="synthesis"/>
        <Attr Name="UsedIn" Val="implementation"/>
        <Attr Name="UsedIn" Val="simulation"/>
      </FileInfo>
    </File>
    <File Path="$PSRCDIR/sources_1/imports/RTL/uart/uart_wb.v">
      <FileInfo>
        <Attr Name="ImportPath" Val="$PPRDIR/../wb_soc/RTL/uart/uart_wb.v"/>
        <Attr Name="ImportTime" Val="1544558158"/>
        <Attr Name="UsedIn" Val="synthesis"/>
        <Attr Name="UsedIn" Val="implementation"/>
        <Attr Name="UsedIn" Val="simulation"/>
      </FileInfo>
    </File>
    <File Path="$PSRCDIR/sources_1/imports/RTL/ram/wbram.v">
      <FileInfo>
        <Attr Name="ImportPath" Val="$PPRDIR/../wb_soc/RTL/ram/wbram.v"/>
        <Attr Name="ImportTime" Val="1583646572"/>
        <Attr Name="UsedIn" Val="synthesis"/>
        <Attr Name="UsedIn" Val="implementation"/>
        <Attr Name="UsedIn" Val="simulation"/>
      </FileInfo>
    </File>
    <File Path="$PSRCDIR/sources_1/imports/RTL/header/wb_soc_functions.sv">
      <FileInfo>
        <Attr Name="ImportPath" Val="$PPRDIR/../wb_soc/RTL/header/wb_soc_functions.sv"/>
        <Attr Name="ImportTime" Val="1584566600"/>
        <Attr Name="UsedIn" Val="synthesis"/>
        <Attr Name="UsedIn" Val="implementation"/>
        <Attr Name="UsedIn" Val="simulation"/>
      </FileInfo>
    </File>
    <File Path="$PSRCDIR/sources_1/imports/RTL/header/wb_soc_config.sv">
      <FileInfo>
        <Attr Name="ImportPath" Val="$PPRDIR/../wb_soc/RTL/header/wb_soc_config.sv"/>
        <Attr Name="ImportTime" Val="1584566584"/>
        <Attr Name="UsedIn" Val="synthesis"/>
        <Attr Name="UsedIn" Val="implementation"/>
        <Attr Name="UsedIn" Val="simulation"/>
      </FileInfo>
    </File>
    <File Path="$PSRCDIR/sources_1/imports/RTL/wb_bus_b3/wb_bus_b3.sv">
      <FileInfo>
        <Attr Name="ImportPath" Val="$PPRDIR/../wb_soc/RTL/wb_bus_b3/wb_bus_b3.sv"/>
        <Attr Name="ImportTime" Val="1584435728"/>
        <Attr Name="UsedIn" Val="synthesis"/>
        <Attr Name="UsedIn" Val="implementation"/>
        <Attr Name="UsedIn" Val="simulation"/>
      </FileInfo>
    </File>
    <File Path="$PSRCDIR/sources_1/imports/RTL/wb_bus_b3/wb_decode.sv">
      <FileInfo>
        <Attr Name="ImportPath" Val="$PPRDIR/../wb_soc/RTL/wb_bus_b3/wb_decode.sv"/>
        <Attr Name="ImportTime" Val="1584435708"/>
        <Attr Name="UsedIn" Val="synthesis"/>
        <Attr Name="UsedIn" Val="implementation"/>
        <Attr Name="UsedIn" Val="simulation"/>
      </FileInfo>
    </File>
    <File Path="$PSRCDIR/sources_1/imports/RTL/wb_bus_b3/wb_interconnect_arb_rr.sv">
      <FileInfo>
        <Attr Name="ImportPath" Val="$PPRDIR/../wb_soc/RTL/wb_bus_b3/wb_interconnect_arb_rr.sv"/>
        <Attr Name="ImportTime" Val="1584435712"/>
        <Attr Name="UsedIn" Val="synthesis"/>
        <Attr Name="UsedIn" Val="implementation"/>
        <Attr Name="UsedIn" Val="simulation"/>
      </FileInfo>
    </File>
    <File Path="$PSRCDIR/sources_1/imports/RTL/wb_bus_b3/wb_mux.sv">
      <FileInfo>
        <Attr Name="ImportPath" Val="$PPRDIR/../wb_soc/RTL/wb_bus_b3/wb_mux.sv"/>
        <Attr Name="ImportTime" Val="1584435722"/>
        <Attr Name="UsedIn" Val="synthesis"/>
        <Attr Name="UsedIn" Val="implementation"/>
        <Attr Name="UsedIn" Val="simulation"/>
      </FileInfo>
    </File>
    <File Path="$PSRCDIR/sources_1/imports/RTL/top/wb_top.sv">
      <FileInfo>
        <Attr Name="ImportPath" Val="$PPRDIR/../wb_soc/RTL/top/wb_top.sv"/>
        <Attr Name="ImportTime" Val="1584569380"/>
        <Attr Name="UsedIn" Val="synthesis"/>
        <Attr Name="UsedIn" Val="implementation"/>
        <Attr Name="UsedIn" Val="simulation"/>
      </FileInfo>
    </File>
    <File Path="$PSRCDIR/sources_1/imports/RTL/crypto/aes/aes_128.v">
      <FileInfo>
        <Attr Name="AutoDisabled" Val="1"/>
        <Attr Name="ImportPath" Val="$PPRDIR/../wb_soc/RTL/crypto/aes/aes_128.v"/>
        <Attr Name="ImportTime" Val="1544558158"/>
        <Attr Name="UsedIn" Val="synthesis"/>
        <Attr Name="UsedIn" Val="implementation"/>
        <Attr Name="UsedIn" Val="simulation"/>
      </FileInfo>
    </File>
    <File Path="$PSRCDIR/sources_1/imports/RTL/crypto/rsa/tb_modexp.v">
      <FileInfo>
        <Attr Name="AutoDisabled" Val="1"/>
        <Attr Name="ImportPath" Val="$PPRDIR/../wb_soc/RTL/crypto/rsa/tb_modexp.v"/>
        <Attr Name="ImportTime" Val="1544561758"/>
        <Attr Name="UsedIn" Val="synthesis"/>
        <Attr Name="UsedIn" Val="implementation"/>
        <Attr Name="UsedIn" Val="simulation"/>
      </FileInfo>
    </File>
    <File Path="$PSRCDIR/sources_1/imports/RTL/crypto/rsa/rtl/adder.v">
      <FileInfo>
        <Attr Name="AutoDisabled" Val="1"/>
        <Attr Name="ImportPath" Val="$PPRDIR/../wb_soc/RTL/crypto/rsa/rtl/adder.v"/>
        <Attr Name="ImportTime" Val="1544561758"/>
        <Attr Name="UsedIn" Val="synthesis"/>
        <Attr Name="UsedIn" Val="implementation"/>
        <Attr Name="UsedIn" Val="simulation"/>
      </FileInfo>
    </File>
    <File Path="$PSRCDIR/sources_1/imports/RTL/crypto/rsa/rtl/blockmem1r1w.v">
      <FileInfo>
        <Attr Name="AutoDisabled" Val="1"/>
        <Attr Name="ImportPath" Val="$PPRDIR/../wb_soc/RTL/crypto/rsa/rtl/blockmem1r1w.v"/>
        <Attr Name="ImportTime" Val="1544561758"/>
        <Attr Name="UsedIn" Val="synthesis"/>
        <Attr Name="UsedIn" Val="implementation"/>
        <Attr Name="UsedIn" Val="simulation"/>
      </FileInfo>
    </File>
    <File Path="$PSRCDIR/sources_1/imports/RTL/crypto/rsa/rtl/blockmem2r1w.v">
      <FileInfo>
        <Attr Name="AutoDisabled" Val="1"/>
        <Attr Name="ImportPath" Val="$PPRDIR/../wb_soc/RTL/crypto/rsa/rtl/blockmem2r1w.v"/>
        <Attr Name="ImportTime" Val="1544561758"/>
        <Attr Name="UsedIn" Val="synthesis"/>
        <Attr Name="UsedIn" Val="implementation"/>
        <Attr Name="UsedIn" Val="simulation"/>
      </FileInfo>
    </File>
    <File Path="$PSRCDIR/sources_1/imports/RTL/crypto/rsa/rtl/blockmem2r1wptr.v">
      <FileInfo>
        <Attr Name="AutoDisabled" Val="1"/>
        <Attr Name="ImportPath" Val="$PPRDIR/../wb_soc/RTL/crypto/rsa/rtl/blockmem2r1wptr.v"/>
        <Attr Name="ImportTime" Val="1544561758"/>
        <Attr Name="UsedIn" Val="synthesis"/>
        <Attr Name="UsedIn" Val="implementation"/>
        <Attr Name="UsedIn" Val="simulation"/>
      </FileInfo>
    </File>
    <File Path="$PSRCDIR/sources_1/imports/RTL/crypto/rsa/rtl/blockmem2rptr1w.v">
      <FileInfo>
        <Attr Name="AutoDisabled" Val="1"/>
        <Attr Name="ImportPath" Val="$PPRDIR/../wb_soc/RTL/crypto/rsa/rtl/blockmem2rptr1w.v"/>
        <Attr Name="ImportTime" Val="1544561758"/>
        <Attr Name="UsedIn" Val="synthesis"/>
        <Attr Name="UsedIn" Val="implementation"/>
        <Attr Name="UsedIn" Val="simulation"/>
      </FileInfo>
    </File>
    <File Path="$PSRCDIR/sources_1/imports/RTL/crypto/des3/des3_test_ao.v">
      <FileInfo>
        <Attr Name="AutoDisabled" Val="1"/>
        <Attr Name="ImportPath" Val="$PPRDIR/../wb_soc/RTL/crypto/des3/des3_test_ao.v"/>
        <Attr Name="ImportTime" Val="1544561758"/>
        <Attr Name="UsedIn" Val="synthesis"/>
        <Attr Name="UsedIn" Val="implementation"/>
        <Attr Name="UsedIn" Val="simulation"/>
      </FileInfo>
    </File>
    <File Path="$PSRCDIR/sources_1/imports/RTL/crypto/rsa/rtl/modexp.v">
      <FileInfo>
        <Attr Name="AutoDisabled" Val="1"/>
        <Attr Name="ImportPath" Val="$PPRDIR/../wb_soc/RTL/crypto/rsa/rtl/modexp.v"/>
        <Attr Name="ImportTime" Val="1544561758"/>
        <Attr Name="UsedIn" Val="synthesis"/>
        <Attr Name="UsedIn" Val="implementation"/>
        <Attr Name="UsedIn" Val="simulation"/>
      </FileInfo>
    </File>
    <File Path="$PSRCDIR/sources_1/imports/RTL/crypto/rsa/rtl/modexp_core.v">
      <FileInfo>
        <Attr Name="AutoDisabled" Val="1"/>
        <Attr Name="ImportPath" Val="$PPRDIR/../wb_soc/RTL/crypto/rsa/rtl/modexp_core.v"/>
        <Attr Name="ImportTime" Val="1544561758"/>
        <Attr Name="UsedIn" Val="synthesis"/>
        <Attr Name="UsedIn" Val="implementation"/>
        <Attr Name="UsedIn" Val="simulation"/>
      </FileInfo>
    </File>
    <File Path="$PSRCDIR/sources_1/imports/RTL/crypto/rsa/rtl/modexp_top.v">
      <FileInfo>
        <Attr Name="AutoDisabled" Val="1"/>
        <Attr Name="ImportPath" Val="$PPRDIR/../wb_soc/RTL/crypto/rsa/rtl/modexp_top.v"/>
        <Attr Name="ImportTime" Val="1544561758"/>
        <Attr Name="UsedIn" Val="synthesis"/>
        <Attr Name="UsedIn" Val="implementation"/>
        <Attr Name="UsedIn" Val="simulation"/>
      </FileInfo>
    </File>
    <File Path="$PSRCDIR/sources_1/imports/RTL/crypto/rsa/rtl/montprod.v">
      <FileInfo>
        <Attr Name="AutoDisabled" Val="1"/>
        <Attr Name="ImportPath" Val="$PPRDIR/../wb_soc/RTL/crypto/rsa/rtl/montprod.v"/>
        <Attr Name="ImportTime" Val="1544561758"/>
        <Attr Name="UsedIn" Val="synthesis"/>
        <Attr Name="UsedIn" Val="implementation"/>
        <Attr Name="UsedIn" Val="simulation"/>
      </FileInfo>
    </File>
    <File Path="$PSRCDIR/sources_1/imports/RTL/picorv32/picorv32_wb.v">
      <FileInfo>
        <Attr Name="AutoDisabled" Val="1"/>
        <Attr Name="ImportPath" Val="$PPRDIR/../wb_soc/RTL/picorv32/picorv32_wb.v"/>
        <Attr Name="ImportTime" Val="1565455152"/>
        <Attr Name="UsedIn" Val="synthesis"/>
        <Attr Name="UsedIn" Val="implementation"/>
        <Attr Name="UsedIn" Val="simulation"/>
      </FileInfo>
    </File>
    <File Path="$PSRCDIR/sources_1/imports/RTL/crypto/rsa/rtl/residue.v">
      <FileInfo>
        <Attr Name="AutoDisabled" Val="1"/>
        <Attr Name="ImportPath" Val="$PPRDIR/../wb_soc/RTL/crypto/rsa/rtl/residue.v"/>
        <Attr Name="ImportTime" Val="1544561758"/>
        <Attr Name="UsedIn" Val="synthesis"/>
        <Attr Name="UsedIn" Val="implementation"/>
        <Attr Name="UsedIn" Val="simulation"/>
      </FileInfo>
    </File>
    <File Path="$PSRCDIR/sources_1/imports/RTL/crypto/rsa/rtl/shl.v">
      <FileInfo>
        <Attr Name="AutoDisabled" Val="1"/>
        <Attr Name="ImportPath" Val="$PPRDIR/../wb_soc/RTL/crypto/rsa/rtl/shl.v"/>
        <Attr Name="ImportTime" Val="1544561758"/>
        <Attr Name="UsedIn" Val="synthesis"/>
        <Attr Name="UsedIn" Val="implementation"/>
        <Attr Name="UsedIn" Val="simulation"/>
      </FileInfo>
    </File>
    <File Path="$PSRCDIR/sources_1/imports/RTL/crypto/rsa/rtl/shr.v">
      <FileInfo>
        <Attr Name="AutoDisabled" Val="1"/>
        <Attr Name="ImportPath" Val="$PPRDIR/../wb_soc/RTL/crypto/rsa/rtl/shr.v"/>
        <Attr Name="ImportTime" Val="1544561758"/>
        <Attr Name="UsedIn" Val="synthesis"/>
        <Attr Name="UsedIn" Val="implementation"/>
        <Attr Name="UsedIn" Val="simulation"/>
      </FileInfo>
    </File>
    <File Path="$PSRCDIR/sources_1/imports/RTL/crypto/rsa/tb_modexp_orig.v">
      <FileInfo>
        <Attr Name="AutoDisabled" Val="1"/>
        <Attr Name="ImportPath" Val="$PPRDIR/../wb_soc/RTL/crypto/rsa/tb_modexp_orig.v"/>
        <Attr Name="ImportTime" Val="1544561758"/>
        <Attr Name="UsedIn" Val="synthesis"/>
        <Attr Name="UsedIn" Val="implementation"/>
        <Attr Name="UsedIn" Val="simulation"/>
      </FileInfo>
    </File>
    <File Path="$PSRCDIR/sources_1/imports/RTL/crypto/rsa/tb_top.v">
      <FileInfo>
        <Attr Name="AutoDisabled" Val="1"/>
        <Attr Name="ImportPath" Val="$PPRDIR/../wb_soc/RTL/crypto/rsa/tb_top.v"/>
        <Attr Name="ImportTime" Val="1544561758"/>
        <Attr Name="UsedIn" Val="synthesis"/>
        <Attr Name="UsedIn" Val="implementation"/>
        <Attr Name="UsedIn" Val="simulation"/>
      </FileInfo>
    </File>
    <File Path="$PSRCDIR/sources_1/imports/RTL/dsp/iir/IIR.h">
      <FileInfo>
        <Attr Name="AutoDisabled" Val="1"/>
        <Attr Name="ImportPath" Val="$PPRDIR/../wb_soc/RTL/dsp/iir/IIR.h"/>
        <Attr Name="ImportTime" Val="1544561758"/>
        <Attr Name="UsedIn" Val="synthesis"/>
        <Attr Name="UsedIn" Val="simulation"/>
      </FileInfo>
    </File>
    <File Path="$PSRCDIR/sources_1/imports/RTL/header/timescale.v">
      <FileInfo>
        <Attr Name="AutoDisabled" Val="1"/>
        <Attr Name="ImportPath" Val="$PPRDIR/../wb_soc/RTL/header/timescale.v"/>
        <Attr Name="ImportTime" Val="1544561758"/>
        <Attr Name="UsedIn" Val="synthesis"/>
        <Attr Name="UsedIn" Val="implementation"/>
        <Attr Name="UsedIn" Val="simulation"/>
      </FileInfo>
    </File>
    <File Path="$PSRCDIR/sources_1/imports/RTL/crypto/rsa/src/file.h">
      <FileInfo>
        <Attr Name="AutoDisabled" Val="1"/>
        <Attr Name="ImportPath" Val="$PPRDIR/../wb_soc/RTL/crypto/rsa/src/file.h"/>
        <Attr Name="ImportTime" Val="1544561758"/>
        <Attr Name="UsedIn" Val="synthesis"/>
        <Attr Name="UsedIn" Val="simulation"/>
      </FileInfo>
    </File>
    <File Path="$PSRCDIR/sources_1/imports/RTL/dsp/fir/input.h">
      <FileInfo>
        <Attr Name="AutoDisabled" Val="1"/>
        <Attr Name="ImportPath" Val="$PPRDIR/../wb_soc/RTL/dsp/fir/input.h"/>
        <Attr Name="ImportTime" Val="1544558158"/>
        <Attr Name="UsedIn" Val="synthesis"/>
        <Attr Name="UsedIn" Val="simulation"/>
      </FileInfo>
    </File>
    <File Path="$PSRCDIR/sources_1/imports/RTL/crypto/sha256/input.h">
      <FileInfo>
        <Attr Name="AutoDisabled" Val="1"/>
        <Attr Name="ImportPath" Val="$PPRDIR/../wb_soc/RTL/crypto/sha256/input.h"/>
        <Attr Name="ImportTime" Val="1544558158"/>
        <Attr Name="UsedIn" Val="synthesis"/>
        <Attr Name="UsedIn" Val="simulation"/>
      </FileInfo>
    </File>
    <File Path="$PSRCDIR/sources_1/imports/RTL/crypto/rsa/src/extKeys.h">
      <FileInfo>
        <Attr Name="AutoDisabled" Val="1"/>
        <Attr Name="ImportPath" Val="$PPRDIR/../wb_soc/RTL/crypto/rsa/src/extKeys.h"/>
        <Attr Name="ImportTime" Val="1544561758"/>
        <Attr Name="UsedIn" Val="synthesis"/>
        <Attr Name="UsedIn" Val="simulation"/>
      </FileInfo>
    </File>
    <File Path="$PSRCDIR/sources_1/imports/RTL/crypto/md5/MD5.h">
      <FileInfo>
        <Attr Name="AutoDisabled" Val="1"/>
        <Attr Name="ImportPath" Val="$PPRDIR/../wb_soc/RTL/crypto/md5/MD5.h"/>
        <Attr Name="ImportTime" Val="1544558158"/>
        <Attr Name="UsedIn" Val="synthesis"/>
        <Attr Name="UsedIn" Val="simulation"/>
      </FileInfo>
    </File>
    <File Path="$PSRCDIR/sources_1/imports/RTL/crypto/rsa/src/ascii2hex.h">
      <FileInfo>
        <Attr Name="AutoDisabled" Val="1"/>
        <Attr Name="ImportPath" Val="$PPRDIR/../wb_soc/RTL/crypto/rsa/src/ascii2hex.h"/>
        <Attr Name="ImportTime" Val="1544561758"/>
        <Attr Name="UsedIn" Val="synthesis"/>
        <Attr Name="UsedIn" Val="simulation"/>
      </FileInfo>
    </File>
    <File Path="$PSRCDIR/sources_1/imports/RTL/crypto/rsa/pem/pubkey.h">
      <FileInfo>
        <Attr Name="AutoDisabled" Val="1"/>
        <Attr Name="ImportPath" Val="$PPRDIR/../wb_soc/RTL/crypto/rsa/pem/pubkey.h"/>
        <Attr Name="ImportTime" Val="1544561758"/>
        <Attr Name="UsedIn" Val="synthesis"/>
        <Attr Name="UsedIn" Val="simulation"/>
      </FileInfo>
    </File>
    <File Path="$PSRCDIR/sources_1/imports/RTL/crypto/rsa/src/RSA.h">
      <FileInfo>
        <Attr Name="AutoDisabled" Val="1"/>
        <Attr Name="ImportPath" Val="$PPRDIR/../wb_soc/RTL/crypto/rsa/src/RSA.h"/>
        <Attr Name="ImportTime" Val="1544561758"/>
        <Attr Name="UsedIn" Val="synthesis"/>
        <Attr Name="UsedIn" Val="simulation"/>
      </FileInfo>
    </File>
    <File Path="$PSRCDIR/sources_1/imports/RTL/crypto/rsa/src/input.h">
      <FileInfo>
        <Attr Name="AutoDisabled" Val="1"/>
        <Attr Name="ImportPath" Val="$PPRDIR/../wb_soc/RTL/crypto/rsa/src/input.h"/>
        <Attr Name="ImportTime" Val="1544561758"/>
        <Attr Name="UsedIn" Val="synthesis"/>
        <Attr Name="UsedIn" Val="simulation"/>
      </FileInfo>
    </File>
    <File Path="$PSRCDIR/sources_1/imports/RTL/dsp/dft/DFT.h">
      <FileInfo>
        <Attr Name="AutoDisabled" Val="1"/>
        <Attr Name="ImportPath" Val="$PPRDIR/../wb_soc/RTL/dsp/dft/DFT.h"/>
        <Attr Name="ImportTime" Val="1544558158"/>
        <Attr Name="UsedIn" Val="synthesis"/>
        <Attr Name="UsedIn" Val="simulation"/>
      </FileInfo>
    </File>
    <File Path="$PSRCDIR/sources_1/imports/RTL/crypto/aes/AES.h">
      <FileInfo>
        <Attr Name="AutoDisabled" Val="1"/>
        <Attr Name="ImportPath" Val="$PPRDIR/../wb_soc/RTL/crypto/aes/AES.h"/>
        <Attr Name="ImportTime" Val="1544558158"/>
        <Attr Name="UsedIn" Val="synthesis"/>
        <Attr Name="UsedIn" Val="simulation"/>
      </FileInfo>
    </File>
    <File Path="$PSRCDIR/sources_1/imports/RTL/crypto/sha256/SHA256.h">
      <FileInfo>
        <Attr Name="AutoDisabled" Val="1"/>
        <Attr Name="ImportPath" Val="$PPRDIR/../wb_soc/RTL/crypto/sha256/SHA256.h"/>
        <Attr Name="ImportTime" Val="1544558158"/>
        <Attr Name="UsedIn" Val="synthesis"/>
        <Attr Name="UsedIn" Val="simulation"/>
      </FileInfo>
    </File>
    <File Path="$PSRCDIR/sources_1/imports/RTL/dsp/idft/input.h">
      <FileInfo>
        <Attr Name="AutoDisabled" Val="1"/>
        <Attr Name="ImportPath" Val="$PPRDIR/../wb_soc/RTL/dsp/idft/input.h"/>
        <Attr Name="ImportTime" Val="1544558158"/>
        <Attr Name="UsedIn" Val="synthesis"/>
        <Attr Name="UsedIn" Val="simulation"/>
      </FileInfo>
    </File>
    <File Path="$PSRCDIR/sources_1/imports/RTL/dsp/iir/input.h">
      <FileInfo>
        <Attr Name="AutoDisabled" Val="1"/>
        <Attr Name="ImportPath" Val="$PPRDIR/../wb_soc/RTL/dsp/iir/input.h"/>
        <Attr Name="ImportTime" Val="1544561758"/>
        <Attr Name="UsedIn" Val="synthesis"/>
        <Attr Name="UsedIn" Val="simulation"/>
      </FileInfo>
    </File>
    <File Path="$PSRCDIR/sources_1/imports/RTL/dsp/dft/input.h">
      <FileInfo>
        <Attr Name="AutoDisabled" Val="1"/>
        <Attr Name="ImportPath" Val="$PPRDIR/../wb_soc/RTL/dsp/dft/input.h"/>
        <Attr Name="ImportTime" Val="1544558158"/>
        <Attr Name="UsedIn" Val="synthesis"/>
        <Attr Name="UsedIn" Val="simulation"/>
      </FileInfo>
    </File>
    <File Path="$PSRCDIR/sources_1/imports/RTL/crypto/rsa/pem/prikey.h">
      <FileInfo>
        <Attr Name="AutoDisabled" Val="1"/>
        <Attr Name="ImportPath" Val="$PPRDIR/../wb_soc/RTL/crypto/rsa/pem/prikey.h"/>
        <Attr Name="ImportTime" Val="1544561758"/>
        <Attr Name="UsedIn" Val="synthesis"/>
        <Attr Name="UsedIn" Val="simulation"/>
      </FileInfo>
    </File>
    <File Path="$PSRCDIR/sources_1/imports/RTL/dsp/idft/IDFT.h">
      <FileInfo>
        <Attr Name="AutoDisabled" Val="1"/>
        <Attr Name="ImportPath" Val="$PPRDIR/../wb_soc/RTL/dsp/idft/IDFT.h"/>
        <Attr Name="ImportTime" Val="1544558158"/>
        <Attr Name="UsedIn" Val="synthesis"/>
        <Attr Name="UsedIn" Val="simulation"/>
      </FileInfo>
    </File>
    <File Path="$PSRCDIR/sources_1/imports/RTL/crypto/rsa/src/define.h">
      <FileInfo>
        <Attr Name="AutoDisabled" Val="1"/>
        <Attr Name="ImportPath" Val="$PPRDIR/../wb_soc/RTL/crypto/rsa/src/define.h"/>
        <Attr Name="ImportTime" Val="1544561758"/>
        <Attr Name="UsedIn" Val="synthesis"/>
        <Attr Name="UsedIn" Val="simulation"/>
      </FileInfo>
    </File>
    <File Path="$PSRCDIR/sources_1/imports/RTL/crypto/des3/DES3.h">
      <FileInfo>
        <Attr Name="AutoDisabled" Val="1"/>
        <Attr Name="ImportPath" Val="$PPRDIR/../wb_soc/RTL/crypto/des3/DES3.h"/>
        <Attr Name="ImportTime" Val="1544558158"/>
        <Attr Name="UsedIn" Val="synthesis"/>
        <Attr Name="UsedIn" Val="simulation"/>
      </FileInfo>
    </File>
    <File Path="$PSRCDIR/sources_1/imports/RTL/crypto/rsa/src/hex2ascii.h">
      <FileInfo>
        <Attr Name="AutoDisabled" Val="1"/>
        <Attr Name="ImportPath" Val="$PPRDIR/../wb_soc/RTL/crypto/rsa/src/hex2ascii.h"/>
        <Attr Name="ImportTime" Val="1544561758"/>
        <Attr Name="UsedIn" Val="synthesis"/>
        <Attr Name="UsedIn" Val="simulation"/>
      </FileInfo>
    </File>
    <File Path="$PSRCDIR/sources_1/imports/RTL/dsp/fir/FIR.h">
      <FileInfo>
        <Attr Name="AutoDisabled" Val="1"/>
        <Attr Name="ImportPath" Val="$PPRDIR/../wb_soc/RTL/dsp/fir/FIR.h"/>
        <Attr Name="ImportTime" Val="1544558158"/>
        <Attr Name="UsedIn" Val="synthesis"/>
        <Attr Name="UsedIn" Val="simulation"/>
      </FileInfo>
    </File>
    <File Path="$PSRCDIR/sources_1/imports/RTL/crypto/md5/input.h">
      <FileInfo>
        <Attr Name="AutoDisabled" Val="1"/>
        <Attr Name="ImportPath" Val="$PPRDIR/../wb_soc/RTL/crypto/md5/input.h"/>
        <Attr Name="ImportTime" Val="1544558158"/>
        <Attr Name="UsedIn" Val="synthesis"/>
        <Attr Name="UsedIn" Val="simulation"/>
      </FileInfo>
    </File>
    <Config>
      <Option Name="DesignMode" Val="RTL"/>
      <Option Name="TopModule" Val="top"/>
    </Config>
  </FileSet>
  <FileSet Name="constrs_in" Type="Constrs" RelSrcDir="$PSRCDIR/constrs_1">
    <Filter Type="Constrs"/>
    <File Path="$PSRCDIR/constrs_1/imports/header/wb_soc_constraints.xdc">
      <FileInfo>
        <Attr Name="ImportPath" Val="$PPRDIR/../wb_soc/RTL/header/wb_soc_constraints.xdc"/>
        <Attr Name="ImportTime" Val="1584569836"/>
        <Attr Name="UsedIn" Val="synthesis"/>
        <Attr Name="UsedIn" Val="implementation"/>
      </FileInfo>
    </File>
    <Config>
      <Option Name="ConstrsType" Val="XDC"/>
    </Config>
  </FileSet>
  <FileSet Name="utils" Type="Utils" RelSrcDir="$PSRCDIR/utils_1">
    <Filter Type="Utils"/>
    <Config>
      <Option Name="TopAutoSet" Val="TRUE"/>
    </Config>
  </FileSet>
  <Strategy Version="1" Minor="2">
    <StratHandle Name="Vivado Synthesis Defaults" Flow="Vivado Synthesis 2018">
      <Desc>Vivado Synthesis Defaults</Desc>
    </StratHandle>
    <Step Id="synth_design"/>
  </Strategy>
</GenRun>
