<?xml version="1.0" encoding="UTF-8"?>
<GenRun Id="synth_1" LaunchPart="xczu3eg-sfvc784-1LV-i" LaunchTime="1584605701">
  <File Type="PA-TCL" Name="tb_system.tcl"/>
  <File Type="RDS-PROPCONSTRS" Name="tb_system_drc_synth.rpt"/>
  <File Type="REPORTS-TCL" Name="tb_system_reports.tcl"/>
  <File Type="RDS-RDS" Name="tb_system.vds"/>
  <File Type="RDS-UTIL" Name="tb_system_utilization_synth.rpt"/>
  <File Type="RDS-UTIL-PB" Name="tb_system_utilization_synth.pb"/>
  <File Type="RDS-DCP" Name="tb_system.dcp"/>
  <File Type="VDS-TIMINGSUMMARY" Name="tb_system_timing_summary_synth.rpt"/>
  <File Type="VDS-TIMING-PB" Name="tb_system_timing_summary_synth.pb"/>
  <FileSet Name="sources" Type="DesignSrcs" RelSrcDir="$PSRCDIR/sources_1">
    <Filter Type="Srcs"/>
    <File Path="$PSRCDIR/sources_1/imports/RTL/dsp/fir/FIR_filter.v">
      <FileInfo>
        <Attr Name="ImportPath" Val="$PPRDIR/../noc_soc/RTL/dsp/fir/FIR_filter.v"/>
        <Attr Name="ImportTime" Val="1565412628"/>
        <Attr Name="UsedIn" Val="synthesis"/>
        <Attr Name="UsedIn" Val="implementation"/>
        <Attr Name="UsedIn" Val="simulation"/>
      </FileInfo>
    </File>
    <File Path="$PSRCDIR/sources_1/imports/RTL/crypto/aes/aes_192.v">
      <FileInfo>
        <Attr Name="ImportPath" Val="$PPRDIR/../noc_soc/RTL/crypto/aes/aes_192.v"/>
        <Attr Name="ImportTime" Val="1544558158"/>
        <Attr Name="UsedIn" Val="synthesis"/>
        <Attr Name="UsedIn" Val="implementation"/>
        <Attr Name="UsedIn" Val="simulation"/>
      </FileInfo>
    </File>
    <File Path="$PSRCDIR/sources_1/imports/RTL/crypto/aes/aes_top.v">
      <FileInfo>
        <Attr Name="ImportPath" Val="$PPRDIR/../noc_soc/RTL/crypto/aes/aes_top.v"/>
        <Attr Name="ImportTime" Val="1544558158"/>
        <Attr Name="UsedIn" Val="synthesis"/>
        <Attr Name="UsedIn" Val="implementation"/>
        <Attr Name="UsedIn" Val="simulation"/>
      </FileInfo>
    </File>
    <File Path="$PSRCDIR/sources_1/imports/RTL/crypto/des3/crp.v">
      <FileInfo>
        <Attr Name="ImportPath" Val="$PPRDIR/../noc_soc/RTL/crypto/des3/crp.v"/>
        <Attr Name="ImportTime" Val="1544558158"/>
        <Attr Name="UsedIn" Val="synthesis"/>
        <Attr Name="UsedIn" Val="implementation"/>
        <Attr Name="UsedIn" Val="simulation"/>
      </FileInfo>
    </File>
    <File Path="$PSRCDIR/sources_1/imports/RTL/crypto/des3/des3.v">
      <FileInfo>
        <Attr Name="ImportPath" Val="$PPRDIR/../noc_soc/RTL/crypto/des3/des3.v"/>
        <Attr Name="ImportTime" Val="1544558158"/>
        <Attr Name="UsedIn" Val="synthesis"/>
        <Attr Name="UsedIn" Val="implementation"/>
        <Attr Name="UsedIn" Val="simulation"/>
      </FileInfo>
    </File>
    <File Path="$PSRCDIR/sources_1/imports/RTL/crypto/des3/des3_top.v">
      <FileInfo>
        <Attr Name="ImportPath" Val="$PPRDIR/../noc_soc/RTL/crypto/des3/des3_top.v"/>
        <Attr Name="ImportTime" Val="1544558158"/>
        <Attr Name="UsedIn" Val="synthesis"/>
        <Attr Name="UsedIn" Val="implementation"/>
        <Attr Name="UsedIn" Val="simulation"/>
      </FileInfo>
    </File>
    <File Path="$PSRCDIR/sources_1/imports/RTL/dsp/dft/dft_top.v">
      <FileInfo>
        <Attr Name="ImportPath" Val="$PPRDIR/../noc_soc/RTL/dsp/dft/dft_top.v"/>
        <Attr Name="ImportTime" Val="1536032676"/>
        <Attr Name="UsedIn" Val="synthesis"/>
        <Attr Name="UsedIn" Val="implementation"/>
        <Attr Name="UsedIn" Val="simulation"/>
      </FileInfo>
    </File>
    <File Path="$PSRCDIR/sources_1/imports/RTL/dsp/dft/dft_top_top.v">
      <FileInfo>
        <Attr Name="ImportPath" Val="$PPRDIR/../noc_soc/RTL/dsp/dft/dft_top_top.v"/>
        <Attr Name="ImportTime" Val="1544558158"/>
        <Attr Name="UsedIn" Val="synthesis"/>
        <Attr Name="UsedIn" Val="implementation"/>
        <Attr Name="UsedIn" Val="simulation"/>
      </FileInfo>
    </File>
    <File Path="$PSRCDIR/sources_1/imports/RTL/dsp/fir/fir_top.v">
      <FileInfo>
        <Attr Name="ImportPath" Val="$PPRDIR/../noc_soc/RTL/dsp/fir/fir_top.v"/>
        <Attr Name="ImportTime" Val="1544558158"/>
        <Attr Name="UsedIn" Val="synthesis"/>
        <Attr Name="UsedIn" Val="implementation"/>
        <Attr Name="UsedIn" Val="simulation"/>
      </FileInfo>
    </File>
    <File Path="$PSRCDIR/sources_1/imports/RTL/dsp/idft/idft_top.v">
      <FileInfo>
        <Attr Name="ImportPath" Val="$PPRDIR/../noc_soc/RTL/dsp/idft/idft_top.v"/>
        <Attr Name="ImportTime" Val="1536032964"/>
        <Attr Name="UsedIn" Val="synthesis"/>
        <Attr Name="UsedIn" Val="implementation"/>
        <Attr Name="UsedIn" Val="simulation"/>
      </FileInfo>
    </File>
    <File Path="$PSRCDIR/sources_1/imports/RTL/dsp/idft/idft_top_top.v">
      <FileInfo>
        <Attr Name="ImportPath" Val="$PPRDIR/../noc_soc/RTL/dsp/idft/idft_top_top.v"/>
        <Attr Name="ImportTime" Val="1544558158"/>
        <Attr Name="UsedIn" Val="synthesis"/>
        <Attr Name="UsedIn" Val="implementation"/>
        <Attr Name="UsedIn" Val="simulation"/>
      </FileInfo>
    </File>
    <File Path="$PSRCDIR/sources_1/imports/RTL/crypto/des3/key_sel3.v">
      <FileInfo>
        <Attr Name="ImportPath" Val="$PPRDIR/../noc_soc/RTL/crypto/des3/key_sel3.v"/>
        <Attr Name="ImportTime" Val="1544558158"/>
        <Attr Name="UsedIn" Val="synthesis"/>
        <Attr Name="UsedIn" Val="implementation"/>
        <Attr Name="UsedIn" Val="simulation"/>
      </FileInfo>
    </File>
    <File Path="$PSRCDIR/sources_1/imports/RTL/router/lisnoc_arb_rr.v">
      <FileInfo>
        <Attr Name="ImportPath" Val="$PPRDIR/../noc_soc/RTL/router/lisnoc_arb_rr.v"/>
        <Attr Name="ImportTime" Val="1526914366"/>
        <Attr Name="UsedIn" Val="synthesis"/>
        <Attr Name="UsedIn" Val="implementation"/>
        <Attr Name="UsedIn" Val="simulation"/>
      </FileInfo>
    </File>
    <File Path="$PSRCDIR/sources_1/imports/RTL/router/lisnoc_def.vh">
      <FileInfo>
        <Attr Name="ImportPath" Val="$PPRDIR/../noc_soc/RTL/router/lisnoc_def.vh"/>
        <Attr Name="ImportTime" Val="1526914366"/>
        <Attr Name="UsedIn" Val="synthesis"/>
        <Attr Name="UsedIn" Val="simulation"/>
      </FileInfo>
    </File>
    <File Path="$PSRCDIR/sources_1/imports/RTL/router/lisnoc_dma_def.vh">
      <FileInfo>
        <Attr Name="ImportPath" Val="$PPRDIR/../noc_soc/RTL/router/lisnoc_dma_def.vh"/>
        <Attr Name="ImportTime" Val="1526914366"/>
        <Attr Name="UsedIn" Val="synthesis"/>
        <Attr Name="UsedIn" Val="simulation"/>
      </FileInfo>
    </File>
    <File Path="$PSRCDIR/sources_1/imports/RTL/router/lisnoc_dma_undef.vh">
      <FileInfo>
        <Attr Name="ImportPath" Val="$PPRDIR/../noc_soc/RTL/router/lisnoc_dma_undef.vh"/>
        <Attr Name="ImportTime" Val="1526914366"/>
        <Attr Name="UsedIn" Val="synthesis"/>
        <Attr Name="UsedIn" Val="simulation"/>
      </FileInfo>
    </File>
    <File Path="$PSRCDIR/sources_1/imports/RTL/router/lisnoc_dma_initiator_wbreq.v">
      <FileInfo>
        <Attr Name="ImportPath" Val="$PPRDIR/../noc_soc/RTL/router/lisnoc_dma_initiator_wbreq.v"/>
        <Attr Name="ImportTime" Val="1526914366"/>
        <Attr Name="UsedIn" Val="synthesis"/>
        <Attr Name="UsedIn" Val="implementation"/>
        <Attr Name="UsedIn" Val="simulation"/>
      </FileInfo>
    </File>
    <File Path="$PSRCDIR/sources_1/imports/RTL/router/lisnoc_dma_wbinterface.v">
      <FileInfo>
        <Attr Name="ImportPath" Val="$PPRDIR/../noc_soc/RTL/router/lisnoc_dma_wbinterface.v"/>
        <Attr Name="ImportTime" Val="1526914366"/>
        <Attr Name="UsedIn" Val="synthesis"/>
        <Attr Name="UsedIn" Val="implementation"/>
        <Attr Name="UsedIn" Val="simulation"/>
      </FileInfo>
    </File>
    <File Path="$PSRCDIR/sources_1/imports/RTL/crypto/md5/md5_top.v">
      <FileInfo>
        <Attr Name="ImportPath" Val="$PPRDIR/../noc_soc/RTL/crypto/md5/md5_top.v"/>
        <Attr Name="ImportTime" Val="1544558158"/>
        <Attr Name="UsedIn" Val="synthesis"/>
        <Attr Name="UsedIn" Val="implementation"/>
        <Attr Name="UsedIn" Val="simulation"/>
      </FileInfo>
    </File>
    <File Path="$PSRCDIR/sources_1/imports/RTL/crypto/md5/pancham.v">
      <FileInfo>
        <Attr Name="ImportPath" Val="$PPRDIR/../noc_soc/RTL/crypto/md5/pancham.v"/>
        <Attr Name="ImportTime" Val="1544558158"/>
        <Attr Name="UsedIn" Val="synthesis"/>
        <Attr Name="UsedIn" Val="implementation"/>
        <Attr Name="UsedIn" Val="simulation"/>
      </FileInfo>
    </File>
    <File Path="$PSRCDIR/sources_1/imports/RTL/crypto/md5/pancham_round.v">
      <FileInfo>
        <Attr Name="ImportPath" Val="$PPRDIR/../noc_soc/RTL/crypto/md5/pancham_round.v"/>
        <Attr Name="ImportTime" Val="1544558158"/>
        <Attr Name="UsedIn" Val="synthesis"/>
        <Attr Name="UsedIn" Val="implementation"/>
        <Attr Name="UsedIn" Val="simulation"/>
      </FileInfo>
    </File>
    <File Path="$PSRCDIR/sources_1/imports/RTL/picorv32/picorv32.v">
      <FileInfo>
        <Attr Name="ImportPath" Val="$PPRDIR/../noc_soc/RTL/picorv32/picorv32.v"/>
        <Attr Name="ImportTime" Val="1565818652"/>
        <Attr Name="UsedIn" Val="synthesis"/>
        <Attr Name="UsedIn" Val="implementation"/>
        <Attr Name="UsedIn" Val="simulation"/>
      </FileInfo>
    </File>
    <File Path="$PSRCDIR/sources_1/imports/RTL/picorv32/picorv32_top.v">
      <FileInfo>
        <Attr Name="ImportPath" Val="$PPRDIR/../noc_soc/RTL/picorv32/picorv32_top.v"/>
        <Attr Name="ImportTime" Val="1565856278"/>
        <Attr Name="UsedIn" Val="synthesis"/>
        <Attr Name="UsedIn" Val="implementation"/>
        <Attr Name="UsedIn" Val="simulation"/>
      </FileInfo>
    </File>
    <File Path="$PSRCDIR/sources_1/imports/RTL/ram/ram_wb_1.v">
      <FileInfo>
        <Attr Name="ImportPath" Val="$PPRDIR/../noc_soc/RTL/ram/ram_wb_1.v"/>
        <Attr Name="ImportTime" Val="1565810464"/>
        <Attr Name="UsedIn" Val="synthesis"/>
        <Attr Name="UsedIn" Val="implementation"/>
        <Attr Name="UsedIn" Val="simulation"/>
      </FileInfo>
    </File>
    <File Path="$PSRCDIR/sources_1/imports/RTL/ram/ram_wb_2.v">
      <FileInfo>
        <Attr Name="ImportPath" Val="$PPRDIR/../noc_soc/RTL/ram/ram_wb_2.v"/>
        <Attr Name="ImportTime" Val="1565810478"/>
        <Attr Name="UsedIn" Val="synthesis"/>
        <Attr Name="UsedIn" Val="implementation"/>
        <Attr Name="UsedIn" Val="simulation"/>
      </FileInfo>
    </File>
    <File Path="$PSRCDIR/sources_1/imports/RTL/uart/raminfr.v">
      <FileInfo>
        <Attr Name="ImportPath" Val="$PPRDIR/../noc_soc/RTL/uart/raminfr.v"/>
        <Attr Name="ImportTime" Val="1544558158"/>
        <Attr Name="UsedIn" Val="synthesis"/>
        <Attr Name="UsedIn" Val="implementation"/>
        <Attr Name="UsedIn" Val="simulation"/>
      </FileInfo>
    </File>
    <File Path="$PSRCDIR/sources_1/imports/RTL/crypto/aes/round.v">
      <FileInfo>
        <Attr Name="ImportPath" Val="$PPRDIR/../noc_soc/RTL/crypto/aes/round.v"/>
        <Attr Name="ImportTime" Val="1544558158"/>
        <Attr Name="UsedIn" Val="synthesis"/>
        <Attr Name="UsedIn" Val="implementation"/>
        <Attr Name="UsedIn" Val="simulation"/>
      </FileInfo>
    </File>
    <File Path="$PSRCDIR/sources_1/imports/RTL/crypto/des3/sbox1.v">
      <FileInfo>
        <Attr Name="ImportPath" Val="$PPRDIR/../noc_soc/RTL/crypto/des3/sbox1.v"/>
        <Attr Name="ImportTime" Val="1544558158"/>
        <Attr Name="UsedIn" Val="synthesis"/>
        <Attr Name="UsedIn" Val="implementation"/>
        <Attr Name="UsedIn" Val="simulation"/>
      </FileInfo>
    </File>
    <File Path="$PSRCDIR/sources_1/imports/RTL/crypto/des3/sbox2.v">
      <FileInfo>
        <Attr Name="ImportPath" Val="$PPRDIR/../noc_soc/RTL/crypto/des3/sbox2.v"/>
        <Attr Name="ImportTime" Val="1544558158"/>
        <Attr Name="UsedIn" Val="synthesis"/>
        <Attr Name="UsedIn" Val="implementation"/>
        <Attr Name="UsedIn" Val="simulation"/>
      </FileInfo>
    </File>
    <File Path="$PSRCDIR/sources_1/imports/RTL/crypto/des3/sbox3.v">
      <FileInfo>
        <Attr Name="ImportPath" Val="$PPRDIR/../noc_soc/RTL/crypto/des3/sbox3.v"/>
        <Attr Name="ImportTime" Val="1544558158"/>
        <Attr Name="UsedIn" Val="synthesis"/>
        <Attr Name="UsedIn" Val="implementation"/>
        <Attr Name="UsedIn" Val="simulation"/>
      </FileInfo>
    </File>
    <File Path="$PSRCDIR/sources_1/imports/RTL/crypto/des3/sbox4.v">
      <FileInfo>
        <Attr Name="ImportPath" Val="$PPRDIR/../noc_soc/RTL/crypto/des3/sbox4.v"/>
        <Attr Name="ImportTime" Val="1544558158"/>
        <Attr Name="UsedIn" Val="synthesis"/>
        <Attr Name="UsedIn" Val="implementation"/>
        <Attr Name="UsedIn" Val="simulation"/>
      </FileInfo>
    </File>
    <File Path="$PSRCDIR/sources_1/imports/RTL/crypto/des3/sbox5.v">
      <FileInfo>
        <Attr Name="ImportPath" Val="$PPRDIR/../noc_soc/RTL/crypto/des3/sbox5.v"/>
        <Attr Name="ImportTime" Val="1544558158"/>
        <Attr Name="UsedIn" Val="synthesis"/>
        <Attr Name="UsedIn" Val="implementation"/>
        <Attr Name="UsedIn" Val="simulation"/>
      </FileInfo>
    </File>
    <File Path="$PSRCDIR/sources_1/imports/RTL/crypto/des3/sbox6.v">
      <FileInfo>
        <Attr Name="ImportPath" Val="$PPRDIR/../noc_soc/RTL/crypto/des3/sbox6.v"/>
        <Attr Name="ImportTime" Val="1544558158"/>
        <Attr Name="UsedIn" Val="synthesis"/>
        <Attr Name="UsedIn" Val="implementation"/>
        <Attr Name="UsedIn" Val="simulation"/>
      </FileInfo>
    </File>
    <File Path="$PSRCDIR/sources_1/imports/RTL/crypto/des3/sbox7.v">
      <FileInfo>
        <Attr Name="ImportPath" Val="$PPRDIR/../noc_soc/RTL/crypto/des3/sbox7.v"/>
        <Attr Name="ImportTime" Val="1544558158"/>
        <Attr Name="UsedIn" Val="synthesis"/>
        <Attr Name="UsedIn" Val="implementation"/>
        <Attr Name="UsedIn" Val="simulation"/>
      </FileInfo>
    </File>
    <File Path="$PSRCDIR/sources_1/imports/RTL/crypto/des3/sbox8.v">
      <FileInfo>
        <Attr Name="ImportPath" Val="$PPRDIR/../noc_soc/RTL/crypto/des3/sbox8.v"/>
        <Attr Name="ImportTime" Val="1544558158"/>
        <Attr Name="UsedIn" Val="synthesis"/>
        <Attr Name="UsedIn" Val="implementation"/>
        <Attr Name="UsedIn" Val="simulation"/>
      </FileInfo>
    </File>
    <File Path="$PSRCDIR/sources_1/imports/RTL/crypto/aes/table.v">
      <FileInfo>
        <Attr Name="ImportPath" Val="$PPRDIR/../noc_soc/RTL/crypto/aes/table.v"/>
        <Attr Name="ImportTime" Val="1544558158"/>
        <Attr Name="UsedIn" Val="synthesis"/>
        <Attr Name="UsedIn" Val="implementation"/>
        <Attr Name="UsedIn" Val="simulation"/>
      </FileInfo>
    </File>
    <File Path="$PSRCDIR/sources_1/imports/RTL/uart/uart_defines.v">
      <FileInfo SFType="VHeader">
        <Attr Name="ImportPath" Val="$PPRDIR/../noc_soc/RTL/uart/uart_defines.v"/>
        <Attr Name="ImportTime" Val="1544558158"/>
        <Attr Name="UsedIn" Val="synthesis"/>
        <Attr Name="UsedIn" Val="simulation"/>
      </FileInfo>
    </File>
    <File Path="$PSRCDIR/sources_1/imports/RTL/uart/uart_receiver.v">
      <FileInfo>
        <Attr Name="ImportPath" Val="$PPRDIR/../noc_soc/RTL/uart/uart_receiver.v"/>
        <Attr Name="ImportTime" Val="1544558158"/>
        <Attr Name="UsedIn" Val="synthesis"/>
        <Attr Name="UsedIn" Val="implementation"/>
        <Attr Name="UsedIn" Val="simulation"/>
      </FileInfo>
    </File>
    <File Path="$PSRCDIR/sources_1/imports/RTL/uart/uart_regs.v">
      <FileInfo>
        <Attr Name="ImportPath" Val="$PPRDIR/../noc_soc/RTL/uart/uart_regs.v"/>
        <Attr Name="ImportTime" Val="1544558158"/>
        <Attr Name="UsedIn" Val="synthesis"/>
        <Attr Name="UsedIn" Val="implementation"/>
        <Attr Name="UsedIn" Val="simulation"/>
      </FileInfo>
    </File>
    <File Path="$PSRCDIR/sources_1/imports/RTL/uart/uart_rfifo.v">
      <FileInfo>
        <Attr Name="ImportPath" Val="$PPRDIR/../noc_soc/RTL/uart/uart_rfifo.v"/>
        <Attr Name="ImportTime" Val="1544558158"/>
        <Attr Name="UsedIn" Val="synthesis"/>
        <Attr Name="UsedIn" Val="implementation"/>
        <Attr Name="UsedIn" Val="simulation"/>
      </FileInfo>
    </File>
    <File Path="$PSRCDIR/sources_1/imports/RTL/uart/uart_sync_flops.v">
      <FileInfo>
        <Attr Name="ImportPath" Val="$PPRDIR/../noc_soc/RTL/uart/uart_sync_flops.v"/>
        <Attr Name="ImportTime" Val="1544558158"/>
        <Attr Name="UsedIn" Val="synthesis"/>
        <Attr Name="UsedIn" Val="implementation"/>
        <Attr Name="UsedIn" Val="simulation"/>
      </FileInfo>
    </File>
    <File Path="$PSRCDIR/sources_1/imports/RTL/uart/uart_tfifo.v">
      <FileInfo>
        <Attr Name="ImportPath" Val="$PPRDIR/../noc_soc/RTL/uart/uart_tfifo.v"/>
        <Attr Name="ImportTime" Val="1544558158"/>
        <Attr Name="UsedIn" Val="synthesis"/>
        <Attr Name="UsedIn" Val="implementation"/>
        <Attr Name="UsedIn" Val="simulation"/>
      </FileInfo>
    </File>
    <File Path="$PSRCDIR/sources_1/imports/RTL/uart/uart_top.v">
      <FileInfo>
        <Attr Name="ImportPath" Val="$PPRDIR/../noc_soc/RTL/uart/uart_top.v"/>
        <Attr Name="ImportTime" Val="1544558158"/>
        <Attr Name="UsedIn" Val="synthesis"/>
        <Attr Name="UsedIn" Val="implementation"/>
        <Attr Name="UsedIn" Val="simulation"/>
      </FileInfo>
    </File>
    <File Path="$PSRCDIR/sources_1/imports/RTL/uart/uart_transmitter.v">
      <FileInfo>
        <Attr Name="ImportPath" Val="$PPRDIR/../noc_soc/RTL/uart/uart_transmitter.v"/>
        <Attr Name="ImportTime" Val="1544558158"/>
        <Attr Name="UsedIn" Val="synthesis"/>
        <Attr Name="UsedIn" Val="implementation"/>
        <Attr Name="UsedIn" Val="simulation"/>
      </FileInfo>
    </File>
    <File Path="$PSRCDIR/sources_1/imports/RTL/uart/uart_wb.v">
      <FileInfo>
        <Attr Name="ImportPath" Val="$PPRDIR/../noc_soc/RTL/uart/uart_wb.v"/>
        <Attr Name="ImportTime" Val="1544558158"/>
        <Attr Name="UsedIn" Val="synthesis"/>
        <Attr Name="UsedIn" Val="implementation"/>
        <Attr Name="UsedIn" Val="simulation"/>
      </FileInfo>
    </File>
    <File Path="$PSRCDIR/sources_1/imports/RTL/wb_bus_b3/wb_bus_b3.v">
      <FileInfo>
        <Attr Name="ImportPath" Val="$PPRDIR/../noc_soc/RTL/wb_bus_b3/wb_bus_b3.v"/>
        <Attr Name="ImportTime" Val="1526914366"/>
        <Attr Name="UsedIn" Val="synthesis"/>
        <Attr Name="UsedIn" Val="implementation"/>
        <Attr Name="UsedIn" Val="simulation"/>
      </FileInfo>
    </File>
    <File Path="$PSRCDIR/sources_1/imports/RTL/router/arb_rr.sv">
      <FileInfo>
        <Attr Name="ImportPath" Val="$PPRDIR/../noc_soc/RTL/router/arb_rr.sv"/>
        <Attr Name="ImportTime" Val="1526914366"/>
        <Attr Name="UsedIn" Val="synthesis"/>
        <Attr Name="UsedIn" Val="implementation"/>
        <Attr Name="UsedIn" Val="simulation"/>
      </FileInfo>
    </File>
    <File Path="$PSRCDIR/sources_1/imports/RTL/debug/dii_channel.sv">
      <FileInfo>
        <Attr Name="ImportPath" Val="$PPRDIR/../noc_soc/RTL/debug/dii_channel.sv"/>
        <Attr Name="ImportTime" Val="1526910766"/>
        <Attr Name="UsedIn" Val="synthesis"/>
        <Attr Name="UsedIn" Val="implementation"/>
        <Attr Name="UsedIn" Val="simulation"/>
      </FileInfo>
    </File>
    <File Path="$PSRCDIR/sources_1/imports/RTL/router/dii_channel.sv">
      <FileInfo>
        <Attr Name="ImportPath" Val="$PPRDIR/../noc_soc/RTL/router/dii_channel.sv"/>
        <Attr Name="ImportTime" Val="1526914366"/>
        <Attr Name="UsedIn" Val="synthesis"/>
        <Attr Name="UsedIn" Val="implementation"/>
        <Attr Name="UsedIn" Val="simulation"/>
      </FileInfo>
    </File>
    <File Path="$PSRCDIR/sources_1/imports/RTL/router/lisnoc_dma.sv">
      <FileInfo>
        <Attr Name="ImportPath" Val="$PPRDIR/../noc_soc/RTL/router/lisnoc_dma.sv"/>
        <Attr Name="ImportTime" Val="1526914366"/>
        <Attr Name="UsedIn" Val="synthesis"/>
        <Attr Name="UsedIn" Val="implementation"/>
        <Attr Name="UsedIn" Val="simulation"/>
      </FileInfo>
    </File>
    <File Path="$PSRCDIR/sources_1/imports/RTL/router/lisnoc_undef.vh">
      <FileInfo>
        <Attr Name="ImportPath" Val="$PPRDIR/../noc_soc/RTL/router/lisnoc_undef.vh"/>
        <Attr Name="ImportTime" Val="1526914366"/>
        <Attr Name="UsedIn" Val="synthesis"/>
        <Attr Name="UsedIn" Val="simulation"/>
      </FileInfo>
    </File>
    <File Path="$PSRCDIR/sources_1/imports/RTL/router/lisnoc_dma_initiator.sv">
      <FileInfo>
        <Attr Name="ImportPath" Val="$PPRDIR/../noc_soc/RTL/router/lisnoc_dma_initiator.sv"/>
        <Attr Name="ImportTime" Val="1526914366"/>
        <Attr Name="UsedIn" Val="synthesis"/>
        <Attr Name="UsedIn" Val="implementation"/>
        <Attr Name="UsedIn" Val="simulation"/>
      </FileInfo>
    </File>
    <File Path="$PSRCDIR/sources_1/imports/RTL/router/lisnoc_dma_initiator_nocreq.sv">
      <FileInfo>
        <Attr Name="ImportPath" Val="$PPRDIR/../noc_soc/RTL/router/lisnoc_dma_initiator_nocreq.sv"/>
        <Attr Name="ImportTime" Val="1526914366"/>
        <Attr Name="UsedIn" Val="synthesis"/>
        <Attr Name="UsedIn" Val="implementation"/>
        <Attr Name="UsedIn" Val="simulation"/>
      </FileInfo>
    </File>
    <File Path="$PSRCDIR/sources_1/imports/RTL/router/lisnoc_dma_initiator_nocresp.sv">
      <FileInfo>
        <Attr Name="ImportPath" Val="$PPRDIR/../noc_soc/RTL/router/lisnoc_dma_initiator_nocresp.sv"/>
        <Attr Name="ImportTime" Val="1526914366"/>
        <Attr Name="UsedIn" Val="synthesis"/>
        <Attr Name="UsedIn" Val="implementation"/>
        <Attr Name="UsedIn" Val="simulation"/>
      </FileInfo>
    </File>
    <File Path="$PSRCDIR/sources_1/imports/RTL/router/lisnoc_dma_request_table.sv">
      <FileInfo>
        <Attr Name="ImportPath" Val="$PPRDIR/../noc_soc/RTL/router/lisnoc_dma_request_table.sv"/>
        <Attr Name="ImportTime" Val="1526914366"/>
        <Attr Name="UsedIn" Val="synthesis"/>
        <Attr Name="UsedIn" Val="implementation"/>
        <Attr Name="UsedIn" Val="simulation"/>
      </FileInfo>
    </File>
    <File Path="$PSRCDIR/sources_1/imports/RTL/router/lisnoc_dma_target.sv">
      <FileInfo>
        <Attr Name="ImportPath" Val="$PPRDIR/../noc_soc/RTL/router/lisnoc_dma_target.sv"/>
        <Attr Name="ImportTime" Val="1526914366"/>
        <Attr Name="UsedIn" Val="synthesis"/>
        <Attr Name="UsedIn" Val="implementation"/>
        <Attr Name="UsedIn" Val="simulation"/>
      </FileInfo>
    </File>
    <File Path="$PSRCDIR/sources_1/imports/RTL/router/lisnoc_packet_buffer.sv">
      <FileInfo>
        <Attr Name="ImportPath" Val="$PPRDIR/../noc_soc/RTL/router/lisnoc_packet_buffer.sv"/>
        <Attr Name="ImportTime" Val="1526914366"/>
        <Attr Name="UsedIn" Val="synthesis"/>
        <Attr Name="UsedIn" Val="implementation"/>
        <Attr Name="UsedIn" Val="simulation"/>
      </FileInfo>
    </File>
    <File Path="$PSRCDIR/sources_1/imports/RTL/header/optimsoc_functions.sv">
      <FileInfo>
        <Attr Name="ImportPath" Val="$PPRDIR/../noc_soc/RTL/header/optimsoc_functions.sv"/>
        <Attr Name="ImportTime" Val="1526914366"/>
        <Attr Name="UsedIn" Val="synthesis"/>
        <Attr Name="UsedIn" Val="implementation"/>
        <Attr Name="UsedIn" Val="simulation"/>
      </FileInfo>
    </File>
    <File Path="$PSRCDIR/sources_1/imports/RTL/debug/mor1kx_trace_exec.sv">
      <FileInfo>
        <Attr Name="ImportPath" Val="$PPRDIR/../noc_soc/RTL/debug/mor1kx_trace_exec.sv"/>
        <Attr Name="ImportTime" Val="1526910766"/>
        <Attr Name="UsedIn" Val="synthesis"/>
        <Attr Name="UsedIn" Val="implementation"/>
        <Attr Name="UsedIn" Val="simulation"/>
      </FileInfo>
    </File>
    <File Path="$PSRCDIR/sources_1/imports/RTL/header/optimsoc_config.sv">
      <FileInfo>
        <Attr Name="ImportPath" Val="$PPRDIR/../noc_soc/RTL/header/optimsoc_config.sv"/>
        <Attr Name="ImportTime" Val="1584513376"/>
        <Attr Name="UsedIn" Val="synthesis"/>
        <Attr Name="UsedIn" Val="implementation"/>
        <Attr Name="UsedIn" Val="simulation"/>
      </FileInfo>
    </File>
    <File Path="$PSRCDIR/sources_1/imports/RTL/router/mpbuffer.sv">
      <FileInfo>
        <Attr Name="ImportPath" Val="$PPRDIR/../noc_soc/RTL/router/mpbuffer.sv"/>
        <Attr Name="ImportTime" Val="1526914366"/>
        <Attr Name="UsedIn" Val="synthesis"/>
        <Attr Name="UsedIn" Val="implementation"/>
        <Attr Name="UsedIn" Val="simulation"/>
      </FileInfo>
    </File>
    <File Path="$PSRCDIR/sources_1/imports/RTL/router/mpbuffer_endpoint.sv">
      <FileInfo>
        <Attr Name="ImportPath" Val="$PPRDIR/../noc_soc/RTL/router/mpbuffer_endpoint.sv"/>
        <Attr Name="ImportTime" Val="1526914366"/>
        <Attr Name="UsedIn" Val="synthesis"/>
        <Attr Name="UsedIn" Val="implementation"/>
        <Attr Name="UsedIn" Val="simulation"/>
      </FileInfo>
    </File>
    <File Path="$PSRCDIR/sources_1/imports/RTL/router/mpbuffer_wb.sv">
      <FileInfo>
        <Attr Name="ImportPath" Val="$PPRDIR/../noc_soc/RTL/router/mpbuffer_wb.sv"/>
        <Attr Name="ImportTime" Val="1526914366"/>
        <Attr Name="UsedIn" Val="synthesis"/>
        <Attr Name="UsedIn" Val="implementation"/>
        <Attr Name="UsedIn" Val="simulation"/>
      </FileInfo>
    </File>
    <File Path="$PSRCDIR/sources_1/imports/RTL/network_adapter/networkadapter_conf.sv">
      <FileInfo>
        <Attr Name="ImportPath" Val="$PPRDIR/../noc_soc/RTL/network_adapter/networkadapter_conf.sv"/>
        <Attr Name="ImportTime" Val="1526910766"/>
        <Attr Name="UsedIn" Val="synthesis"/>
        <Attr Name="UsedIn" Val="implementation"/>
        <Attr Name="UsedIn" Val="simulation"/>
      </FileInfo>
    </File>
    <File Path="$PSRCDIR/sources_1/imports/RTL/network_adapter/networkadapter_ct.sv">
      <FileInfo>
        <Attr Name="ImportPath" Val="$PPRDIR/../noc_soc/RTL/network_adapter/networkadapter_ct.sv"/>
        <Attr Name="ImportTime" Val="1526914366"/>
        <Attr Name="UsedIn" Val="synthesis"/>
        <Attr Name="UsedIn" Val="implementation"/>
        <Attr Name="UsedIn" Val="simulation"/>
      </FileInfo>
    </File>
    <File Path="$PSRCDIR/sources_1/imports/RTL/router/noc_buffer.sv">
      <FileInfo>
        <Attr Name="ImportPath" Val="$PPRDIR/../noc_soc/RTL/router/noc_buffer.sv"/>
        <Attr Name="ImportTime" Val="1526914366"/>
        <Attr Name="UsedIn" Val="synthesis"/>
        <Attr Name="UsedIn" Val="implementation"/>
        <Attr Name="UsedIn" Val="simulation"/>
      </FileInfo>
    </File>
    <File Path="$PSRCDIR/sources_1/imports/RTL/header/optimsoc_constants.sv">
      <FileInfo>
        <Attr Name="ImportPath" Val="$PPRDIR/../noc_soc/RTL/header/optimsoc_constants.sv"/>
        <Attr Name="ImportTime" Val="1526914366"/>
        <Attr Name="UsedIn" Val="synthesis"/>
        <Attr Name="UsedIn" Val="implementation"/>
        <Attr Name="UsedIn" Val="simulation"/>
      </FileInfo>
    </File>
    <File Path="$PSRCDIR/sources_1/imports/RTL/router/noc_demux.sv">
      <FileInfo>
        <Attr Name="ImportPath" Val="$PPRDIR/../noc_soc/RTL/router/noc_demux.sv"/>
        <Attr Name="ImportTime" Val="1526914366"/>
        <Attr Name="UsedIn" Val="synthesis"/>
        <Attr Name="UsedIn" Val="implementation"/>
        <Attr Name="UsedIn" Val="simulation"/>
      </FileInfo>
    </File>
    <File Path="$PSRCDIR/sources_1/imports/RTL/router/noc_mux.sv">
      <FileInfo>
        <Attr Name="ImportPath" Val="$PPRDIR/../noc_soc/RTL/router/noc_mux.sv"/>
        <Attr Name="ImportTime" Val="1526914366"/>
        <Attr Name="UsedIn" Val="synthesis"/>
        <Attr Name="UsedIn" Val="implementation"/>
        <Attr Name="UsedIn" Val="simulation"/>
      </FileInfo>
    </File>
    <File Path="$PSRCDIR/sources_1/imports/RTL/router/noc_router.sv">
      <FileInfo>
        <Attr Name="ImportPath" Val="$PPRDIR/../noc_soc/RTL/router/noc_router.sv"/>
        <Attr Name="ImportTime" Val="1526910766"/>
        <Attr Name="UsedIn" Val="synthesis"/>
        <Attr Name="UsedIn" Val="implementation"/>
        <Attr Name="UsedIn" Val="simulation"/>
      </FileInfo>
    </File>
    <File Path="$PSRCDIR/sources_1/imports/RTL/router/noc_router_input.sv">
      <FileInfo>
        <Attr Name="ImportPath" Val="$PPRDIR/../noc_soc/RTL/router/noc_router_input.sv"/>
        <Attr Name="ImportTime" Val="1526914366"/>
        <Attr Name="UsedIn" Val="synthesis"/>
        <Attr Name="UsedIn" Val="implementation"/>
        <Attr Name="UsedIn" Val="simulation"/>
      </FileInfo>
    </File>
    <File Path="$PSRCDIR/sources_1/imports/RTL/router/noc_router_lookup.sv">
      <FileInfo>
        <Attr Name="ImportPath" Val="$PPRDIR/../noc_soc/RTL/router/noc_router_lookup.sv"/>
        <Attr Name="ImportTime" Val="1526914366"/>
        <Attr Name="UsedIn" Val="synthesis"/>
        <Attr Name="UsedIn" Val="implementation"/>
        <Attr Name="UsedIn" Val="simulation"/>
      </FileInfo>
    </File>
    <File Path="$PSRCDIR/sources_1/imports/RTL/router/noc_router_lookup_slice.sv">
      <FileInfo>
        <Attr Name="ImportPath" Val="$PPRDIR/../noc_soc/RTL/router/noc_router_lookup_slice.sv"/>
        <Attr Name="ImportTime" Val="1526914366"/>
        <Attr Name="UsedIn" Val="synthesis"/>
        <Attr Name="UsedIn" Val="implementation"/>
        <Attr Name="UsedIn" Val="simulation"/>
      </FileInfo>
    </File>
    <File Path="$PSRCDIR/sources_1/imports/RTL/router/noc_router_output.sv">
      <FileInfo>
        <Attr Name="ImportPath" Val="$PPRDIR/../noc_soc/RTL/router/noc_router_output.sv"/>
        <Attr Name="ImportTime" Val="1526914366"/>
        <Attr Name="UsedIn" Val="synthesis"/>
        <Attr Name="UsedIn" Val="implementation"/>
        <Attr Name="UsedIn" Val="simulation"/>
      </FileInfo>
    </File>
    <File Path="$PSRCDIR/sources_1/imports/RTL/debug/dbg_config.vh">
      <FileInfo>
        <Attr Name="ImportPath" Val="$PPRDIR/../noc_soc/RTL/debug/dbg_config.vh"/>
        <Attr Name="ImportTime" Val="1526910766"/>
        <Attr Name="UsedIn" Val="synthesis"/>
        <Attr Name="UsedIn" Val="simulation"/>
      </FileInfo>
    </File>
    <File Path="$PSRCDIR/sources_1/imports/RTL/top/noc_soc.sv">
      <FileInfo>
        <Attr Name="ImportPath" Val="$PPRDIR/../noc_soc/RTL/top/noc_soc.sv"/>
        <Attr Name="ImportTime" Val="1584517300"/>
        <Attr Name="UsedIn" Val="synthesis"/>
        <Attr Name="UsedIn" Val="implementation"/>
        <Attr Name="UsedIn" Val="simulation"/>
      </FileInfo>
    </File>
    <File Path="$PSRCDIR/sources_1/imports/RTL/header/noc_soc_functions.sv">
      <FileInfo>
        <Attr Name="ImportPath" Val="$PPRDIR/../noc_soc/RTL/header/noc_soc_functions.sv"/>
        <Attr Name="ImportTime" Val="1584440146"/>
        <Attr Name="UsedIn" Val="synthesis"/>
        <Attr Name="UsedIn" Val="implementation"/>
        <Attr Name="UsedIn" Val="simulation"/>
      </FileInfo>
    </File>
    <File Path="$PSRCDIR/sources_1/imports/RTL/header/noc_soc_config.sv">
      <FileInfo>
        <Attr Name="ImportPath" Val="$PPRDIR/../noc_soc/RTL/header/noc_soc_config.sv"/>
        <Attr Name="ImportTime" Val="1584509268"/>
        <Attr Name="UsedIn" Val="synthesis"/>
        <Attr Name="UsedIn" Val="implementation"/>
        <Attr Name="UsedIn" Val="simulation"/>
      </FileInfo>
    </File>
    <File Path="$PSRCDIR/sources_1/imports/RTL/router/noc_vchannel_mux.sv">
      <FileInfo>
        <Attr Name="ImportPath" Val="$PPRDIR/../noc_soc/RTL/router/noc_vchannel_mux.sv"/>
        <Attr Name="ImportTime" Val="1526914366"/>
        <Attr Name="UsedIn" Val="synthesis"/>
        <Attr Name="UsedIn" Val="implementation"/>
        <Attr Name="UsedIn" Val="simulation"/>
      </FileInfo>
    </File>
    <File Path="$PSRCDIR/sources_1/imports/RTL/top/tile_aes_top.sv">
      <FileInfo>
        <Attr Name="ImportPath" Val="$PPRDIR/../noc_soc/RTL/top/tile_aes_top.sv"/>
        <Attr Name="ImportTime" Val="1584516218"/>
        <Attr Name="UsedIn" Val="synthesis"/>
        <Attr Name="UsedIn" Val="implementation"/>
        <Attr Name="UsedIn" Val="simulation"/>
      </FileInfo>
    </File>
    <File Path="$PSRCDIR/sources_1/imports/RTL/top/tile_des3_top.sv">
      <FileInfo>
        <Attr Name="ImportPath" Val="$PPRDIR/../noc_soc/RTL/top/tile_des3_top.sv"/>
        <Attr Name="ImportTime" Val="1584516218"/>
        <Attr Name="UsedIn" Val="synthesis"/>
        <Attr Name="UsedIn" Val="implementation"/>
        <Attr Name="UsedIn" Val="simulation"/>
      </FileInfo>
    </File>
    <File Path="$PSRCDIR/sources_1/imports/RTL/top/tile_dft_top_top.sv">
      <FileInfo>
        <Attr Name="ImportPath" Val="$PPRDIR/../noc_soc/RTL/top/tile_dft_top_top.sv"/>
        <Attr Name="ImportTime" Val="1584516218"/>
        <Attr Name="UsedIn" Val="synthesis"/>
        <Attr Name="UsedIn" Val="implementation"/>
        <Attr Name="UsedIn" Val="simulation"/>
      </FileInfo>
    </File>
    <File Path="$PSRCDIR/sources_1/imports/RTL/top/tile_fir_top.sv">
      <FileInfo>
        <Attr Name="ImportPath" Val="$PPRDIR/../noc_soc/RTL/top/tile_fir_top.sv"/>
        <Attr Name="ImportTime" Val="1584516218"/>
        <Attr Name="UsedIn" Val="synthesis"/>
        <Attr Name="UsedIn" Val="implementation"/>
        <Attr Name="UsedIn" Val="simulation"/>
      </FileInfo>
    </File>
    <File Path="$PSRCDIR/sources_1/imports/RTL/top/tile_idft_top_top.sv">
      <FileInfo>
        <Attr Name="ImportPath" Val="$PPRDIR/../noc_soc/RTL/top/tile_idft_top_top.sv"/>
        <Attr Name="ImportTime" Val="1584516218"/>
        <Attr Name="UsedIn" Val="synthesis"/>
        <Attr Name="UsedIn" Val="implementation"/>
        <Attr Name="UsedIn" Val="simulation"/>
      </FileInfo>
    </File>
    <File Path="$PSRCDIR/sources_1/imports/RTL/top/tile_md5_top.sv">
      <FileInfo>
        <Attr Name="ImportPath" Val="$PPRDIR/../noc_soc/RTL/top/tile_md5_top.sv"/>
        <Attr Name="ImportTime" Val="1584516218"/>
        <Attr Name="UsedIn" Val="synthesis"/>
        <Attr Name="UsedIn" Val="implementation"/>
        <Attr Name="UsedIn" Val="simulation"/>
      </FileInfo>
    </File>
    <File Path="$PSRCDIR/sources_1/imports/RTL/top/tile_picorv32_top.sv">
      <FileInfo>
        <Attr Name="ImportPath" Val="$PPRDIR/../noc_soc/RTL/top/tile_picorv32_top.sv"/>
        <Attr Name="ImportTime" Val="1584517438"/>
        <Attr Name="UsedIn" Val="synthesis"/>
        <Attr Name="UsedIn" Val="implementation"/>
        <Attr Name="UsedIn" Val="simulation"/>
      </FileInfo>
    </File>
    <File Path="$PSRCDIR/sources_1/imports/RTL/top/tile_ram_wb_01.sv">
      <FileInfo>
        <Attr Name="ImportPath" Val="$PPRDIR/../noc_soc/RTL/top/tile_ram_wb_01.sv"/>
        <Attr Name="ImportTime" Val="1584516218"/>
        <Attr Name="UsedIn" Val="synthesis"/>
        <Attr Name="UsedIn" Val="implementation"/>
        <Attr Name="UsedIn" Val="simulation"/>
      </FileInfo>
    </File>
    <File Path="$PSRCDIR/sources_1/imports/RTL/top/tile_ram_wb_02.sv">
      <FileInfo>
        <Attr Name="ImportPath" Val="$PPRDIR/../noc_soc/RTL/top/tile_ram_wb_02.sv"/>
        <Attr Name="ImportTime" Val="1584516218"/>
        <Attr Name="UsedIn" Val="synthesis"/>
        <Attr Name="UsedIn" Val="implementation"/>
        <Attr Name="UsedIn" Val="simulation"/>
      </FileInfo>
    </File>
    <File Path="$PSRCDIR/sources_1/imports/RTL/top/tile_uart_top.sv">
      <FileInfo>
        <Attr Name="ImportPath" Val="$PPRDIR/../noc_soc/RTL/top/tile_uart_top.sv"/>
        <Attr Name="ImportTime" Val="1584516218"/>
        <Attr Name="UsedIn" Val="synthesis"/>
        <Attr Name="UsedIn" Val="implementation"/>
        <Attr Name="UsedIn" Val="simulation"/>
      </FileInfo>
    </File>
    <File Path="$PSRCDIR/sources_1/imports/RTL/wb_bus_b3/wb_decode.sv">
      <FileInfo>
        <Attr Name="ImportPath" Val="$PPRDIR/../noc_soc/RTL/wb_bus_b3/wb_decode.sv"/>
        <Attr Name="ImportTime" Val="1584499864"/>
        <Attr Name="UsedIn" Val="synthesis"/>
        <Attr Name="UsedIn" Val="implementation"/>
        <Attr Name="UsedIn" Val="simulation"/>
      </FileInfo>
    </File>
    <File Path="$PSRCDIR/sources_1/imports/RTL/wb_bus_b3/wb_interconnect_arb_rr.sv">
      <FileInfo>
        <Attr Name="ImportPath" Val="$PPRDIR/../noc_soc/RTL/wb_bus_b3/wb_interconnect_arb_rr.sv"/>
        <Attr Name="ImportTime" Val="1584499076"/>
        <Attr Name="UsedIn" Val="synthesis"/>
        <Attr Name="UsedIn" Val="implementation"/>
        <Attr Name="UsedIn" Val="simulation"/>
      </FileInfo>
    </File>
    <File Path="$PSRCDIR/sources_1/imports/RTL/wb_bus_b3/wb_mux.sv">
      <FileInfo>
        <Attr Name="ImportPath" Val="$PPRDIR/../noc_soc/RTL/wb_bus_b3/wb_mux.sv"/>
        <Attr Name="ImportTime" Val="1584499160"/>
        <Attr Name="UsedIn" Val="synthesis"/>
        <Attr Name="UsedIn" Val="implementation"/>
        <Attr Name="UsedIn" Val="simulation"/>
      </FileInfo>
    </File>
    <File Path="$PSRCDIR/sources_1/imports/top/tb_system.sv">
      <FileInfo>
        <Attr Name="ImportPath" Val="$PPRDIR/../noc_soc/RTL/top/tb_system.sv"/>
        <Attr Name="ImportTime" Val="1584593162"/>
        <Attr Name="UsedIn" Val="synthesis"/>
        <Attr Name="UsedIn" Val="implementation"/>
        <Attr Name="UsedIn" Val="simulation"/>
      </FileInfo>
    </File>
    <File Path="$PSRCDIR/sources_1/imports/RTL/crypto/aes/aes_128.v">
      <FileInfo>
        <Attr Name="AutoDisabled" Val="1"/>
        <Attr Name="ImportPath" Val="$PPRDIR/../noc_soc/RTL/crypto/aes/aes_128.v"/>
        <Attr Name="ImportTime" Val="1544558158"/>
        <Attr Name="UsedIn" Val="synthesis"/>
        <Attr Name="UsedIn" Val="implementation"/>
        <Attr Name="UsedIn" Val="simulation"/>
      </FileInfo>
    </File>
    <File Path="$PSRCDIR/sources_1/imports/RTL/picorv32/tile_picorv32_top.sv">
      <FileInfo>
        <Attr Name="AutoDisabled" Val="1"/>
        <Attr Name="ImportPath" Val="$PPRDIR/../noc_soc/RTL/picorv32/tile_picorv32_top.sv"/>
        <Attr Name="ImportTime" Val="1583810922"/>
        <Attr Name="UsedIn" Val="synthesis"/>
        <Attr Name="UsedIn" Val="implementation"/>
        <Attr Name="UsedIn" Val="simulation"/>
      </FileInfo>
    </File>
    <File Path="$PSRCDIR/sources_1/imports/RTL/network_adapter/mpbuffer_wb.sv">
      <FileInfo>
        <Attr Name="AutoDisabled" Val="1"/>
        <Attr Name="ImportPath" Val="$PPRDIR/../noc_soc/RTL/network_adapter/mpbuffer_wb.sv"/>
        <Attr Name="ImportTime" Val="1526910766"/>
        <Attr Name="UsedIn" Val="synthesis"/>
        <Attr Name="UsedIn" Val="implementation"/>
        <Attr Name="UsedIn" Val="simulation"/>
      </FileInfo>
    </File>
    <File Path="$PSRCDIR/sources_1/imports/RTL/network_adapter/mpbuffer_endpoint.sv">
      <FileInfo>
        <Attr Name="AutoDisabled" Val="1"/>
        <Attr Name="ImportPath" Val="$PPRDIR/../noc_soc/RTL/network_adapter/mpbuffer_endpoint.sv"/>
        <Attr Name="ImportTime" Val="1526910766"/>
        <Attr Name="UsedIn" Val="synthesis"/>
        <Attr Name="UsedIn" Val="implementation"/>
        <Attr Name="UsedIn" Val="simulation"/>
      </FileInfo>
    </File>
    <File Path="$PSRCDIR/sources_1/imports/RTL/network_adapter/mpbuffer.sv">
      <FileInfo>
        <Attr Name="AutoDisabled" Val="1"/>
        <Attr Name="ImportPath" Val="$PPRDIR/../noc_soc/RTL/network_adapter/mpbuffer.sv"/>
        <Attr Name="ImportTime" Val="1526910766"/>
        <Attr Name="UsedIn" Val="synthesis"/>
        <Attr Name="UsedIn" Val="implementation"/>
        <Attr Name="UsedIn" Val="simulation"/>
      </FileInfo>
    </File>
    <File Path="$PSRCDIR/sources_1/imports/RTL/network_adapter/wb_decode.sv">
      <FileInfo>
        <Attr Name="AutoDisabled" Val="1"/>
        <Attr Name="ImportPath" Val="$PPRDIR/../noc_soc/RTL/network_adapter/wb_decode.sv"/>
        <Attr Name="ImportTime" Val="1580829998"/>
        <Attr Name="UsedIn" Val="synthesis"/>
        <Attr Name="UsedIn" Val="implementation"/>
        <Attr Name="UsedIn" Val="simulation"/>
      </FileInfo>
    </File>
    <File Path="$PSRCDIR/sources_1/imports/RTL/crypto/rsa/tb_modexp.v">
      <FileInfo>
        <Attr Name="AutoDisabled" Val="1"/>
        <Attr Name="ImportPath" Val="$PPRDIR/../noc_soc/RTL/crypto/rsa/tb_modexp.v"/>
        <Attr Name="ImportTime" Val="1544561758"/>
        <Attr Name="UsedIn" Val="synthesis"/>
        <Attr Name="UsedIn" Val="implementation"/>
        <Attr Name="UsedIn" Val="simulation"/>
      </FileInfo>
    </File>
    <File Path="$PSRCDIR/sources_1/imports/RTL/debug/ring_router_mux_rr.sv">
      <FileInfo>
        <Attr Name="AutoDisabled" Val="1"/>
        <Attr Name="ImportPath" Val="$PPRDIR/../noc_soc/RTL/debug/ring_router_mux_rr.sv"/>
        <Attr Name="ImportTime" Val="1526910766"/>
        <Attr Name="UsedIn" Val="synthesis"/>
        <Attr Name="UsedIn" Val="implementation"/>
        <Attr Name="UsedIn" Val="simulation"/>
      </FileInfo>
    </File>
    <File Path="$PSRCDIR/sources_1/imports/RTL/debug/ring_router_mux.sv">
      <FileInfo>
        <Attr Name="AutoDisabled" Val="1"/>
        <Attr Name="ImportPath" Val="$PPRDIR/../noc_soc/RTL/debug/ring_router_mux.sv"/>
        <Attr Name="ImportTime" Val="1526910766"/>
        <Attr Name="UsedIn" Val="synthesis"/>
        <Attr Name="UsedIn" Val="implementation"/>
        <Attr Name="UsedIn" Val="simulation"/>
      </FileInfo>
    </File>
    <File Path="$PSRCDIR/sources_1/imports/RTL/debug/ring_router_gateway_mux.sv">
      <FileInfo>
        <Attr Name="AutoDisabled" Val="1"/>
        <Attr Name="ImportPath" Val="$PPRDIR/../noc_soc/RTL/debug/ring_router_gateway_mux.sv"/>
        <Attr Name="ImportTime" Val="1526910766"/>
        <Attr Name="UsedIn" Val="synthesis"/>
        <Attr Name="UsedIn" Val="implementation"/>
        <Attr Name="UsedIn" Val="simulation"/>
      </FileInfo>
    </File>
    <File Path="$PSRCDIR/sources_1/imports/RTL/debug/ring_router_gateway_demux.sv">
      <FileInfo>
        <Attr Name="AutoDisabled" Val="1"/>
        <Attr Name="ImportPath" Val="$PPRDIR/../noc_soc/RTL/debug/ring_router_gateway_demux.sv"/>
        <Attr Name="ImportTime" Val="1526910766"/>
        <Attr Name="UsedIn" Val="synthesis"/>
        <Attr Name="UsedIn" Val="implementation"/>
        <Attr Name="UsedIn" Val="simulation"/>
      </FileInfo>
    </File>
    <File Path="$PSRCDIR/sources_1/imports/RTL/debug/ring_router_gateway.sv">
      <FileInfo>
        <Attr Name="AutoDisabled" Val="1"/>
        <Attr Name="ImportPath" Val="$PPRDIR/../noc_soc/RTL/debug/ring_router_gateway.sv"/>
        <Attr Name="ImportTime" Val="1526910766"/>
        <Attr Name="UsedIn" Val="synthesis"/>
        <Attr Name="UsedIn" Val="implementation"/>
        <Attr Name="UsedIn" Val="simulation"/>
      </FileInfo>
    </File>
    <File Path="$PSRCDIR/sources_1/imports/RTL/debug/ring_router_demux.sv">
      <FileInfo>
        <Attr Name="AutoDisabled" Val="1"/>
        <Attr Name="ImportPath" Val="$PPRDIR/../noc_soc/RTL/debug/ring_router_demux.sv"/>
        <Attr Name="ImportTime" Val="1526910766"/>
        <Attr Name="UsedIn" Val="synthesis"/>
        <Attr Name="UsedIn" Val="implementation"/>
        <Attr Name="UsedIn" Val="simulation"/>
      </FileInfo>
    </File>
    <File Path="$PSRCDIR/sources_1/imports/RTL/debug/ring_router.sv">
      <FileInfo>
        <Attr Name="AutoDisabled" Val="1"/>
        <Attr Name="ImportPath" Val="$PPRDIR/../noc_soc/RTL/debug/ring_router.sv"/>
        <Attr Name="ImportTime" Val="1526910766"/>
        <Attr Name="UsedIn" Val="synthesis"/>
        <Attr Name="UsedIn" Val="implementation"/>
        <Attr Name="UsedIn" Val="simulation"/>
      </FileInfo>
    </File>
    <File Path="$PSRCDIR/sources_1/imports/RTL/debug/osd_regaccess_layer.sv">
      <FileInfo>
        <Attr Name="AutoDisabled" Val="1"/>
        <Attr Name="ImportPath" Val="$PPRDIR/../noc_soc/RTL/debug/osd_regaccess_layer.sv"/>
        <Attr Name="ImportTime" Val="1526910766"/>
        <Attr Name="UsedIn" Val="synthesis"/>
        <Attr Name="UsedIn" Val="implementation"/>
        <Attr Name="UsedIn" Val="simulation"/>
      </FileInfo>
    </File>
    <File Path="$PSRCDIR/sources_1/imports/RTL/debug/osd_regaccess_demux.sv">
      <FileInfo>
        <Attr Name="AutoDisabled" Val="1"/>
        <Attr Name="ImportPath" Val="$PPRDIR/../noc_soc/RTL/debug/osd_regaccess_demux.sv"/>
        <Attr Name="ImportTime" Val="1526910766"/>
        <Attr Name="UsedIn" Val="synthesis"/>
        <Attr Name="UsedIn" Val="implementation"/>
        <Attr Name="UsedIn" Val="simulation"/>
      </FileInfo>
    </File>
    <File Path="$PSRCDIR/sources_1/imports/RTL/debug/osd_regaccess.sv">
      <FileInfo>
        <Attr Name="AutoDisabled" Val="1"/>
        <Attr Name="ImportPath" Val="$PPRDIR/../noc_soc/RTL/debug/osd_regaccess.sv"/>
        <Attr Name="ImportTime" Val="1526910766"/>
        <Attr Name="UsedIn" Val="synthesis"/>
        <Attr Name="UsedIn" Val="implementation"/>
        <Attr Name="UsedIn" Val="simulation"/>
      </FileInfo>
    </File>
    <File Path="$PSRCDIR/sources_1/imports/RTL/debug/osd_fifo.sv">
      <FileInfo>
        <Attr Name="AutoDisabled" Val="1"/>
        <Attr Name="ImportPath" Val="$PPRDIR/../noc_soc/RTL/debug/osd_fifo.sv"/>
        <Attr Name="ImportTime" Val="1526910766"/>
        <Attr Name="UsedIn" Val="synthesis"/>
        <Attr Name="UsedIn" Val="implementation"/>
        <Attr Name="UsedIn" Val="simulation"/>
      </FileInfo>
    </File>
    <File Path="$PSRCDIR/sources_1/imports/RTL/network_adapter/noc_vchannel_mux.sv">
      <FileInfo>
        <Attr Name="AutoDisabled" Val="1"/>
        <Attr Name="ImportPath" Val="$PPRDIR/../noc_soc/RTL/network_adapter/noc_vchannel_mux.sv"/>
        <Attr Name="ImportTime" Val="1526910766"/>
        <Attr Name="UsedIn" Val="synthesis"/>
        <Attr Name="UsedIn" Val="implementation"/>
        <Attr Name="UsedIn" Val="simulation"/>
      </FileInfo>
    </File>
    <File Path="$PSRCDIR/sources_1/imports/RTL/network_adapter/noc_mux.sv">
      <FileInfo>
        <Attr Name="AutoDisabled" Val="1"/>
        <Attr Name="ImportPath" Val="$PPRDIR/../noc_soc/RTL/network_adapter/noc_mux.sv"/>
        <Attr Name="ImportTime" Val="1526910766"/>
        <Attr Name="UsedIn" Val="synthesis"/>
        <Attr Name="UsedIn" Val="implementation"/>
        <Attr Name="UsedIn" Val="simulation"/>
      </FileInfo>
    </File>
    <File Path="$PSRCDIR/sources_1/imports/RTL/network_adapter/noc_demux.sv">
      <FileInfo>
        <Attr Name="AutoDisabled" Val="1"/>
        <Attr Name="ImportPath" Val="$PPRDIR/../noc_soc/RTL/network_adapter/noc_demux.sv"/>
        <Attr Name="ImportTime" Val="1526910766"/>
        <Attr Name="UsedIn" Val="synthesis"/>
        <Attr Name="UsedIn" Val="implementation"/>
        <Attr Name="UsedIn" Val="simulation"/>
      </FileInfo>
    </File>
    <File Path="$PSRCDIR/sources_1/imports/RTL/network_adapter/noc_buffer.sv">
      <FileInfo>
        <Attr Name="AutoDisabled" Val="1"/>
        <Attr Name="ImportPath" Val="$PPRDIR/../noc_soc/RTL/network_adapter/noc_buffer.sv"/>
        <Attr Name="ImportTime" Val="1526910766"/>
        <Attr Name="UsedIn" Val="synthesis"/>
        <Attr Name="UsedIn" Val="implementation"/>
        <Attr Name="UsedIn" Val="simulation"/>
      </FileInfo>
    </File>
    <File Path="$PSRCDIR/sources_1/imports/RTL/network_adapter/lisnoc_vc_serializer.v">
      <FileInfo>
        <Attr Name="AutoDisabled" Val="1"/>
        <Attr Name="ImportPath" Val="$PPRDIR/../noc_soc/RTL/network_adapter/lisnoc_vc_serializer.v"/>
        <Attr Name="ImportTime" Val="1526910766"/>
        <Attr Name="UsedIn" Val="synthesis"/>
        <Attr Name="UsedIn" Val="implementation"/>
        <Attr Name="UsedIn" Val="simulation"/>
      </FileInfo>
    </File>
    <File Path="$PSRCDIR/sources_1/imports/RTL/network_adapter/lisnoc_vc_multiplexer.v">
      <FileInfo>
        <Attr Name="AutoDisabled" Val="1"/>
        <Attr Name="ImportPath" Val="$PPRDIR/../noc_soc/RTL/network_adapter/lisnoc_vc_multiplexer.v"/>
        <Attr Name="ImportTime" Val="1526910766"/>
        <Attr Name="UsedIn" Val="synthesis"/>
        <Attr Name="UsedIn" Val="implementation"/>
        <Attr Name="UsedIn" Val="simulation"/>
      </FileInfo>
    </File>
    <File Path="$PSRCDIR/sources_1/imports/RTL/network_adapter/lisnoc_vc_deserializer.v">
      <FileInfo>
        <Attr Name="AutoDisabled" Val="1"/>
        <Attr Name="ImportPath" Val="$PPRDIR/../noc_soc/RTL/network_adapter/lisnoc_vc_deserializer.v"/>
        <Attr Name="ImportTime" Val="1526910766"/>
        <Attr Name="UsedIn" Val="synthesis"/>
        <Attr Name="UsedIn" Val="implementation"/>
        <Attr Name="UsedIn" Val="simulation"/>
      </FileInfo>
    </File>
    <File Path="$PSRCDIR/sources_1/imports/RTL/network_adapter/lisnoc_packet_buffer.sv">
      <FileInfo>
        <Attr Name="AutoDisabled" Val="1"/>
        <Attr Name="ImportPath" Val="$PPRDIR/../noc_soc/RTL/network_adapter/lisnoc_packet_buffer.sv"/>
        <Attr Name="ImportTime" Val="1526910766"/>
        <Attr Name="UsedIn" Val="synthesis"/>
        <Attr Name="UsedIn" Val="implementation"/>
        <Attr Name="UsedIn" Val="simulation"/>
      </FileInfo>
    </File>
    <File Path="$PSRCDIR/sources_1/imports/RTL/network_adapter/lisnoc_dma_def.vh">
      <FileInfo>
        <Attr Name="AutoDisabled" Val="1"/>
        <Attr Name="ImportPath" Val="$PPRDIR/../noc_soc/RTL/network_adapter/lisnoc_dma_def.vh"/>
        <Attr Name="ImportTime" Val="1526910766"/>
        <Attr Name="UsedIn" Val="synthesis"/>
        <Attr Name="UsedIn" Val="simulation"/>
      </FileInfo>
    </File>
    <File Path="$PSRCDIR/sources_1/imports/RTL/network_adapter/lisnoc_dma_undef.vh">
      <FileInfo>
        <Attr Name="AutoDisabled" Val="1"/>
        <Attr Name="ImportPath" Val="$PPRDIR/../noc_soc/RTL/network_adapter/lisnoc_dma_undef.vh"/>
        <Attr Name="ImportTime" Val="1526910766"/>
        <Attr Name="UsedIn" Val="synthesis"/>
        <Attr Name="UsedIn" Val="simulation"/>
      </FileInfo>
    </File>
    <File Path="$PSRCDIR/sources_1/imports/RTL/network_adapter/lisnoc_dma_wbinterface.v">
      <FileInfo>
        <Attr Name="AutoDisabled" Val="1"/>
        <Attr Name="ImportPath" Val="$PPRDIR/../noc_soc/RTL/network_adapter/lisnoc_dma_wbinterface.v"/>
        <Attr Name="ImportTime" Val="1526910766"/>
        <Attr Name="UsedIn" Val="synthesis"/>
        <Attr Name="UsedIn" Val="implementation"/>
        <Attr Name="UsedIn" Val="simulation"/>
      </FileInfo>
    </File>
    <File Path="$PSRCDIR/sources_1/imports/RTL/network_adapter/lisnoc_dma_target.sv">
      <FileInfo>
        <Attr Name="AutoDisabled" Val="1"/>
        <Attr Name="ImportPath" Val="$PPRDIR/../noc_soc/RTL/network_adapter/lisnoc_dma_target.sv"/>
        <Attr Name="ImportTime" Val="1526910766"/>
        <Attr Name="UsedIn" Val="synthesis"/>
        <Attr Name="UsedIn" Val="implementation"/>
        <Attr Name="UsedIn" Val="simulation"/>
      </FileInfo>
    </File>
    <File Path="$PSRCDIR/sources_1/imports/RTL/network_adapter/lisnoc_dma_request_table.sv">
      <FileInfo>
        <Attr Name="AutoDisabled" Val="1"/>
        <Attr Name="ImportPath" Val="$PPRDIR/../noc_soc/RTL/network_adapter/lisnoc_dma_request_table.sv"/>
        <Attr Name="ImportTime" Val="1526910766"/>
        <Attr Name="UsedIn" Val="synthesis"/>
        <Attr Name="UsedIn" Val="implementation"/>
        <Attr Name="UsedIn" Val="simulation"/>
      </FileInfo>
    </File>
    <File Path="$PSRCDIR/sources_1/imports/RTL/network_adapter/lisnoc_dma_initiator_wbreq.v">
      <FileInfo>
        <Attr Name="AutoDisabled" Val="1"/>
        <Attr Name="ImportPath" Val="$PPRDIR/../noc_soc/RTL/network_adapter/lisnoc_dma_initiator_wbreq.v"/>
        <Attr Name="ImportTime" Val="1526910766"/>
        <Attr Name="UsedIn" Val="synthesis"/>
        <Attr Name="UsedIn" Val="implementation"/>
        <Attr Name="UsedIn" Val="simulation"/>
      </FileInfo>
    </File>
    <File Path="$PSRCDIR/sources_1/imports/RTL/network_adapter/lisnoc_dma_initiator_nocresp.sv">
      <FileInfo>
        <Attr Name="AutoDisabled" Val="1"/>
        <Attr Name="ImportPath" Val="$PPRDIR/../noc_soc/RTL/network_adapter/lisnoc_dma_initiator_nocresp.sv"/>
        <Attr Name="ImportTime" Val="1526910766"/>
        <Attr Name="UsedIn" Val="synthesis"/>
        <Attr Name="UsedIn" Val="implementation"/>
        <Attr Name="UsedIn" Val="simulation"/>
      </FileInfo>
    </File>
    <File Path="$PSRCDIR/sources_1/imports/RTL/network_adapter/lisnoc_dma_initiator_nocreq.sv">
      <FileInfo>
        <Attr Name="AutoDisabled" Val="1"/>
        <Attr Name="ImportPath" Val="$PPRDIR/../noc_soc/RTL/network_adapter/lisnoc_dma_initiator_nocreq.sv"/>
        <Attr Name="ImportTime" Val="1526910766"/>
        <Attr Name="UsedIn" Val="synthesis"/>
        <Attr Name="UsedIn" Val="implementation"/>
        <Attr Name="UsedIn" Val="simulation"/>
      </FileInfo>
    </File>
    <File Path="$PSRCDIR/sources_1/imports/RTL/network_adapter/lisnoc_dma_initiator.sv">
      <FileInfo>
        <Attr Name="AutoDisabled" Val="1"/>
        <Attr Name="ImportPath" Val="$PPRDIR/../noc_soc/RTL/network_adapter/lisnoc_dma_initiator.sv"/>
        <Attr Name="ImportTime" Val="1526910766"/>
        <Attr Name="UsedIn" Val="synthesis"/>
        <Attr Name="UsedIn" Val="implementation"/>
        <Attr Name="UsedIn" Val="simulation"/>
      </FileInfo>
    </File>
    <File Path="$PSRCDIR/sources_1/imports/RTL/network_adapter/lisnoc_dma.sv">
      <FileInfo>
        <Attr Name="AutoDisabled" Val="1"/>
        <Attr Name="ImportPath" Val="$PPRDIR/../noc_soc/RTL/network_adapter/lisnoc_dma.sv"/>
        <Attr Name="ImportTime" Val="1526910766"/>
        <Attr Name="UsedIn" Val="synthesis"/>
        <Attr Name="UsedIn" Val="implementation"/>
        <Attr Name="UsedIn" Val="simulation"/>
      </FileInfo>
    </File>
    <File Path="$PSRCDIR/sources_1/imports/RTL/network_adapter/lisnoc_arb_rr.v">
      <FileInfo>
        <Attr Name="AutoDisabled" Val="1"/>
        <Attr Name="ImportPath" Val="$PPRDIR/../noc_soc/RTL/network_adapter/lisnoc_arb_rr.v"/>
        <Attr Name="ImportTime" Val="1526910766"/>
        <Attr Name="UsedIn" Val="synthesis"/>
        <Attr Name="UsedIn" Val="implementation"/>
        <Attr Name="UsedIn" Val="simulation"/>
      </FileInfo>
    </File>
    <File Path="$PSRCDIR/sources_1/imports/RTL/debug/dii_buffer.sv">
      <FileInfo>
        <Attr Name="AutoDisabled" Val="1"/>
        <Attr Name="ImportPath" Val="$PPRDIR/../noc_soc/RTL/debug/dii_buffer.sv"/>
        <Attr Name="ImportTime" Val="1526910766"/>
        <Attr Name="UsedIn" Val="synthesis"/>
        <Attr Name="UsedIn" Val="implementation"/>
        <Attr Name="UsedIn" Val="simulation"/>
      </FileInfo>
    </File>
    <File Path="$PSRCDIR/sources_1/imports/RTL/debug/debug_ring_expand.sv">
      <FileInfo>
        <Attr Name="AutoDisabled" Val="1"/>
        <Attr Name="ImportPath" Val="$PPRDIR/../noc_soc/RTL/debug/debug_ring_expand.sv"/>
        <Attr Name="ImportTime" Val="1526910766"/>
        <Attr Name="UsedIn" Val="synthesis"/>
        <Attr Name="UsedIn" Val="implementation"/>
        <Attr Name="UsedIn" Val="simulation"/>
      </FileInfo>
    </File>
    <File Path="$PSRCDIR/sources_1/imports/RTL/debug/debug_ring.sv">
      <FileInfo>
        <Attr Name="AutoDisabled" Val="1"/>
        <Attr Name="ImportPath" Val="$PPRDIR/../noc_soc/RTL/debug/debug_ring.sv"/>
        <Attr Name="ImportTime" Val="1526910766"/>
        <Attr Name="UsedIn" Val="synthesis"/>
        <Attr Name="UsedIn" Val="implementation"/>
        <Attr Name="UsedIn" Val="simulation"/>
      </FileInfo>
    </File>
    <File Path="$PSRCDIR/sources_1/imports/RTL/network_adapter/arb_rr.sv">
      <FileInfo>
        <Attr Name="AutoDisabled" Val="1"/>
        <Attr Name="ImportPath" Val="$PPRDIR/../noc_soc/RTL/network_adapter/arb_rr.sv"/>
        <Attr Name="ImportTime" Val="1526910766"/>
        <Attr Name="UsedIn" Val="synthesis"/>
        <Attr Name="UsedIn" Val="implementation"/>
        <Attr Name="UsedIn" Val="simulation"/>
      </FileInfo>
    </File>
    <File Path="$PSRCDIR/sources_1/imports/RTL/dsp/iir/IIR_filter.v">
      <FileInfo>
        <Attr Name="AutoDisabled" Val="1"/>
        <Attr Name="ImportPath" Val="$PPRDIR/../noc_soc/RTL/dsp/iir/IIR_filter.v"/>
        <Attr Name="ImportTime" Val="1536036424"/>
        <Attr Name="UsedIn" Val="synthesis"/>
        <Attr Name="UsedIn" Val="implementation"/>
        <Attr Name="UsedIn" Val="simulation"/>
      </FileInfo>
    </File>
    <File Path="$PSRCDIR/sources_1/imports/RTL/crypto/rsa/rtl/adder.v">
      <FileInfo>
        <Attr Name="AutoDisabled" Val="1"/>
        <Attr Name="ImportPath" Val="$PPRDIR/../noc_soc/RTL/crypto/rsa/rtl/adder.v"/>
        <Attr Name="ImportTime" Val="1544561758"/>
        <Attr Name="UsedIn" Val="synthesis"/>
        <Attr Name="UsedIn" Val="implementation"/>
        <Attr Name="UsedIn" Val="simulation"/>
      </FileInfo>
    </File>
    <File Path="$PSRCDIR/sources_1/imports/RTL/crypto/rsa/rtl/blockmem1r1w.v">
      <FileInfo>
        <Attr Name="AutoDisabled" Val="1"/>
        <Attr Name="ImportPath" Val="$PPRDIR/../noc_soc/RTL/crypto/rsa/rtl/blockmem1r1w.v"/>
        <Attr Name="ImportTime" Val="1544561758"/>
        <Attr Name="UsedIn" Val="synthesis"/>
        <Attr Name="UsedIn" Val="implementation"/>
        <Attr Name="UsedIn" Val="simulation"/>
      </FileInfo>
    </File>
    <File Path="$PSRCDIR/sources_1/imports/RTL/crypto/rsa/rtl/blockmem2r1w.v">
      <FileInfo>
        <Attr Name="AutoDisabled" Val="1"/>
        <Attr Name="ImportPath" Val="$PPRDIR/../noc_soc/RTL/crypto/rsa/rtl/blockmem2r1w.v"/>
        <Attr Name="ImportTime" Val="1544561758"/>
        <Attr Name="UsedIn" Val="synthesis"/>
        <Attr Name="UsedIn" Val="implementation"/>
        <Attr Name="UsedIn" Val="simulation"/>
      </FileInfo>
    </File>
    <File Path="$PSRCDIR/sources_1/imports/RTL/crypto/rsa/rtl/blockmem2r1wptr.v">
      <FileInfo>
        <Attr Name="AutoDisabled" Val="1"/>
        <Attr Name="ImportPath" Val="$PPRDIR/../noc_soc/RTL/crypto/rsa/rtl/blockmem2r1wptr.v"/>
        <Attr Name="ImportTime" Val="1544561758"/>
        <Attr Name="UsedIn" Val="synthesis"/>
        <Attr Name="UsedIn" Val="implementation"/>
        <Attr Name="UsedIn" Val="simulation"/>
      </FileInfo>
    </File>
    <File Path="$PSRCDIR/sources_1/imports/RTL/crypto/rsa/rtl/blockmem2rptr1w.v">
      <FileInfo>
        <Attr Name="AutoDisabled" Val="1"/>
        <Attr Name="ImportPath" Val="$PPRDIR/../noc_soc/RTL/crypto/rsa/rtl/blockmem2rptr1w.v"/>
        <Attr Name="ImportTime" Val="1544561758"/>
        <Attr Name="UsedIn" Val="synthesis"/>
        <Attr Name="UsedIn" Val="implementation"/>
        <Attr Name="UsedIn" Val="simulation"/>
      </FileInfo>
    </File>
    <File Path="$PSRCDIR/sources_1/imports/RTL/crypto/des3/des3_test_ao.v">
      <FileInfo>
        <Attr Name="AutoDisabled" Val="1"/>
        <Attr Name="ImportPath" Val="$PPRDIR/../noc_soc/RTL/crypto/des3/des3_test_ao.v"/>
        <Attr Name="ImportTime" Val="1544561758"/>
        <Attr Name="UsedIn" Val="synthesis"/>
        <Attr Name="UsedIn" Val="implementation"/>
        <Attr Name="UsedIn" Val="simulation"/>
      </FileInfo>
    </File>
    <File Path="$PSRCDIR/sources_1/imports/RTL/dsp/iir/iir_top.v">
      <FileInfo>
        <Attr Name="AutoDisabled" Val="1"/>
        <Attr Name="ImportPath" Val="$PPRDIR/../noc_soc/RTL/dsp/iir/iir_top.v"/>
        <Attr Name="ImportTime" Val="1544561758"/>
        <Attr Name="UsedIn" Val="synthesis"/>
        <Attr Name="UsedIn" Val="implementation"/>
        <Attr Name="UsedIn" Val="simulation"/>
      </FileInfo>
    </File>
    <File Path="$PSRCDIR/sources_1/imports/RTL/router/lisnoc_arb_prio_rr.v">
      <FileInfo>
        <Attr Name="AutoDisabled" Val="1"/>
        <Attr Name="ImportPath" Val="$PPRDIR/../noc_soc/RTL/router/lisnoc_arb_prio_rr.v"/>
        <Attr Name="ImportTime" Val="1526914366"/>
        <Attr Name="UsedIn" Val="synthesis"/>
        <Attr Name="UsedIn" Val="implementation"/>
        <Attr Name="UsedIn" Val="simulation"/>
      </FileInfo>
    </File>
    <File Path="$PSRCDIR/sources_1/imports/RTL/router/lisnoc_vc_deserializer.v">
      <FileInfo>
        <Attr Name="AutoDisabled" Val="1"/>
        <Attr Name="ImportPath" Val="$PPRDIR/../noc_soc/RTL/router/lisnoc_vc_deserializer.v"/>
        <Attr Name="ImportTime" Val="1526914366"/>
        <Attr Name="UsedIn" Val="synthesis"/>
        <Attr Name="UsedIn" Val="implementation"/>
        <Attr Name="UsedIn" Val="simulation"/>
      </FileInfo>
    </File>
    <File Path="$PSRCDIR/sources_1/imports/RTL/router/lisnoc_vc_multiplexer.v">
      <FileInfo>
        <Attr Name="AutoDisabled" Val="1"/>
        <Attr Name="ImportPath" Val="$PPRDIR/../noc_soc/RTL/router/lisnoc_vc_multiplexer.v"/>
        <Attr Name="ImportTime" Val="1526914366"/>
        <Attr Name="UsedIn" Val="synthesis"/>
        <Attr Name="UsedIn" Val="implementation"/>
        <Attr Name="UsedIn" Val="simulation"/>
      </FileInfo>
    </File>
    <File Path="$PSRCDIR/sources_1/imports/RTL/router/lisnoc_vc_serializer.v">
      <FileInfo>
        <Attr Name="AutoDisabled" Val="1"/>
        <Attr Name="ImportPath" Val="$PPRDIR/../noc_soc/RTL/router/lisnoc_vc_serializer.v"/>
        <Attr Name="ImportTime" Val="1526914366"/>
        <Attr Name="UsedIn" Val="synthesis"/>
        <Attr Name="UsedIn" Val="implementation"/>
        <Attr Name="UsedIn" Val="simulation"/>
      </FileInfo>
    </File>
    <File Path="$PSRCDIR/sources_1/imports/RTL/crypto/rsa/rtl/modexp.v">
      <FileInfo>
        <Attr Name="AutoDisabled" Val="1"/>
        <Attr Name="ImportPath" Val="$PPRDIR/../noc_soc/RTL/crypto/rsa/rtl/modexp.v"/>
        <Attr Name="ImportTime" Val="1544561758"/>
        <Attr Name="UsedIn" Val="synthesis"/>
        <Attr Name="UsedIn" Val="implementation"/>
        <Attr Name="UsedIn" Val="simulation"/>
      </FileInfo>
    </File>
    <File Path="$PSRCDIR/sources_1/imports/RTL/crypto/rsa/rtl/modexp_core.v">
      <FileInfo>
        <Attr Name="AutoDisabled" Val="1"/>
        <Attr Name="ImportPath" Val="$PPRDIR/../noc_soc/RTL/crypto/rsa/rtl/modexp_core.v"/>
        <Attr Name="ImportTime" Val="1544561758"/>
        <Attr Name="UsedIn" Val="synthesis"/>
        <Attr Name="UsedIn" Val="implementation"/>
        <Attr Name="UsedIn" Val="simulation"/>
      </FileInfo>
    </File>
    <File Path="$PSRCDIR/sources_1/imports/RTL/crypto/rsa/rtl/modexp_top.v">
      <FileInfo>
        <Attr Name="AutoDisabled" Val="1"/>
        <Attr Name="ImportPath" Val="$PPRDIR/../noc_soc/RTL/crypto/rsa/rtl/modexp_top.v"/>
        <Attr Name="ImportTime" Val="1544561758"/>
        <Attr Name="UsedIn" Val="synthesis"/>
        <Attr Name="UsedIn" Val="implementation"/>
        <Attr Name="UsedIn" Val="simulation"/>
      </FileInfo>
    </File>
    <File Path="$PSRCDIR/sources_1/imports/RTL/crypto/rsa/rtl/montprod.v">
      <FileInfo>
        <Attr Name="AutoDisabled" Val="1"/>
        <Attr Name="ImportPath" Val="$PPRDIR/../noc_soc/RTL/crypto/rsa/rtl/montprod.v"/>
        <Attr Name="ImportTime" Val="1544561758"/>
        <Attr Name="UsedIn" Val="synthesis"/>
        <Attr Name="UsedIn" Val="implementation"/>
        <Attr Name="UsedIn" Val="simulation"/>
      </FileInfo>
    </File>
    <File Path="$PSRCDIR/sources_1/imports/RTL/picorv32/picorv32_wb.v">
      <FileInfo>
        <Attr Name="AutoDisabled" Val="1"/>
        <Attr Name="ImportPath" Val="$PPRDIR/../noc_soc/RTL/picorv32/picorv32_wb.v"/>
        <Attr Name="ImportTime" Val="1565455152"/>
        <Attr Name="UsedIn" Val="synthesis"/>
        <Attr Name="UsedIn" Val="implementation"/>
        <Attr Name="UsedIn" Val="simulation"/>
      </FileInfo>
    </File>
    <File Path="$PSRCDIR/sources_1/imports/RTL/ram/ram_wb.v">
      <FileInfo>
        <Attr Name="AutoDisabled" Val="1"/>
        <Attr Name="ImportPath" Val="$PPRDIR/../noc_soc/RTL/ram/ram_wb.v"/>
        <Attr Name="ImportTime" Val="1544561758"/>
        <Attr Name="UsedIn" Val="synthesis"/>
        <Attr Name="UsedIn" Val="implementation"/>
        <Attr Name="UsedIn" Val="simulation"/>
      </FileInfo>
    </File>
    <File Path="$PSRCDIR/sources_1/imports/RTL/crypto/rsa/rtl/residue.v">
      <FileInfo>
        <Attr Name="AutoDisabled" Val="1"/>
        <Attr Name="ImportPath" Val="$PPRDIR/../noc_soc/RTL/crypto/rsa/rtl/residue.v"/>
        <Attr Name="ImportTime" Val="1544561758"/>
        <Attr Name="UsedIn" Val="synthesis"/>
        <Attr Name="UsedIn" Val="implementation"/>
        <Attr Name="UsedIn" Val="simulation"/>
      </FileInfo>
    </File>
    <File Path="$PSRCDIR/sources_1/imports/RTL/crypto/sha256/sha256.v">
      <FileInfo>
        <Attr Name="AutoDisabled" Val="1"/>
        <Attr Name="ImportPath" Val="$PPRDIR/../noc_soc/RTL/crypto/sha256/sha256.v"/>
        <Attr Name="ImportTime" Val="1544558158"/>
        <Attr Name="UsedIn" Val="synthesis"/>
        <Attr Name="UsedIn" Val="implementation"/>
        <Attr Name="UsedIn" Val="simulation"/>
      </FileInfo>
    </File>
    <File Path="$PSRCDIR/sources_1/imports/RTL/crypto/sha256/sha256_k_constants.v">
      <FileInfo>
        <Attr Name="AutoDisabled" Val="1"/>
        <Attr Name="ImportPath" Val="$PPRDIR/../noc_soc/RTL/crypto/sha256/sha256_k_constants.v"/>
        <Attr Name="ImportTime" Val="1544558158"/>
        <Attr Name="UsedIn" Val="synthesis"/>
        <Attr Name="UsedIn" Val="implementation"/>
        <Attr Name="UsedIn" Val="simulation"/>
      </FileInfo>
    </File>
    <File Path="$PSRCDIR/sources_1/imports/RTL/crypto/sha256/sha256_top.v">
      <FileInfo>
        <Attr Name="AutoDisabled" Val="1"/>
        <Attr Name="ImportPath" Val="$PPRDIR/../noc_soc/RTL/crypto/sha256/sha256_top.v"/>
        <Attr Name="ImportTime" Val="1544558158"/>
        <Attr Name="UsedIn" Val="synthesis"/>
        <Attr Name="UsedIn" Val="implementation"/>
        <Attr Name="UsedIn" Val="simulation"/>
      </FileInfo>
    </File>
    <File Path="$PSRCDIR/sources_1/imports/RTL/crypto/sha256/sha256_w_mem.v">
      <FileInfo>
        <Attr Name="AutoDisabled" Val="1"/>
        <Attr Name="ImportPath" Val="$PPRDIR/../noc_soc/RTL/crypto/sha256/sha256_w_mem.v"/>
        <Attr Name="ImportTime" Val="1544558158"/>
        <Attr Name="UsedIn" Val="synthesis"/>
        <Attr Name="UsedIn" Val="implementation"/>
        <Attr Name="UsedIn" Val="simulation"/>
      </FileInfo>
    </File>
    <File Path="$PSRCDIR/sources_1/imports/RTL/crypto/rsa/rtl/shl.v">
      <FileInfo>
        <Attr Name="AutoDisabled" Val="1"/>
        <Attr Name="ImportPath" Val="$PPRDIR/../noc_soc/RTL/crypto/rsa/rtl/shl.v"/>
        <Attr Name="ImportTime" Val="1544561758"/>
        <Attr Name="UsedIn" Val="synthesis"/>
        <Attr Name="UsedIn" Val="implementation"/>
        <Attr Name="UsedIn" Val="simulation"/>
      </FileInfo>
    </File>
    <File Path="$PSRCDIR/sources_1/imports/RTL/crypto/rsa/rtl/shr.v">
      <FileInfo>
        <Attr Name="AutoDisabled" Val="1"/>
        <Attr Name="ImportPath" Val="$PPRDIR/../noc_soc/RTL/crypto/rsa/rtl/shr.v"/>
        <Attr Name="ImportTime" Val="1544561758"/>
        <Attr Name="UsedIn" Val="synthesis"/>
        <Attr Name="UsedIn" Val="implementation"/>
        <Attr Name="UsedIn" Val="simulation"/>
      </FileInfo>
    </File>
    <File Path="$PSRCDIR/sources_1/imports/RTL/crypto/rsa/tb_modexp_orig.v">
      <FileInfo>
        <Attr Name="AutoDisabled" Val="1"/>
        <Attr Name="ImportPath" Val="$PPRDIR/../noc_soc/RTL/crypto/rsa/tb_modexp_orig.v"/>
        <Attr Name="ImportTime" Val="1544561758"/>
        <Attr Name="UsedIn" Val="synthesis"/>
        <Attr Name="UsedIn" Val="implementation"/>
        <Attr Name="UsedIn" Val="simulation"/>
      </FileInfo>
    </File>
    <File Path="$PSRCDIR/sources_1/imports/RTL/crypto/rsa/tb_top.v">
      <FileInfo>
        <Attr Name="AutoDisabled" Val="1"/>
        <Attr Name="ImportPath" Val="$PPRDIR/../noc_soc/RTL/crypto/rsa/tb_top.v"/>
        <Attr Name="ImportTime" Val="1544561758"/>
        <Attr Name="UsedIn" Val="synthesis"/>
        <Attr Name="UsedIn" Val="implementation"/>
        <Attr Name="UsedIn" Val="simulation"/>
      </FileInfo>
    </File>
    <File Path="$PSRCDIR/sources_1/imports/RTL/ram/wbram.v">
      <FileInfo>
        <Attr Name="AutoDisabled" Val="1"/>
        <Attr Name="ImportPath" Val="$PPRDIR/../noc_soc/RTL/ram/wbram.v"/>
        <Attr Name="ImportTime" Val="1583646572"/>
        <Attr Name="UsedIn" Val="synthesis"/>
        <Attr Name="UsedIn" Val="implementation"/>
        <Attr Name="UsedIn" Val="simulation"/>
      </FileInfo>
    </File>
    <File Path="$PSRCDIR/sources_1/imports/RTL/header/debug_interface.sv">
      <FileInfo>
        <Attr Name="AutoDisabled" Val="1"/>
        <Attr Name="ImportPath" Val="$PPRDIR/../noc_soc/RTL/header/debug_interface.sv"/>
        <Attr Name="ImportTime" Val="1526914366"/>
        <Attr Name="UsedIn" Val="synthesis"/>
        <Attr Name="UsedIn" Val="implementation"/>
        <Attr Name="UsedIn" Val="simulation"/>
      </FileInfo>
    </File>
    <File Path="$PSRCDIR/sources_1/imports/RTL/router/debug_ring.sv">
      <FileInfo>
        <Attr Name="AutoDisabled" Val="1"/>
        <Attr Name="ImportPath" Val="$PPRDIR/../noc_soc/RTL/router/debug_ring.sv"/>
        <Attr Name="ImportTime" Val="1526914366"/>
        <Attr Name="UsedIn" Val="synthesis"/>
        <Attr Name="UsedIn" Val="implementation"/>
        <Attr Name="UsedIn" Val="simulation"/>
      </FileInfo>
    </File>
    <File Path="$PSRCDIR/sources_1/imports/RTL/router/debug_ring_expand.sv">
      <FileInfo>
        <Attr Name="AutoDisabled" Val="1"/>
        <Attr Name="ImportPath" Val="$PPRDIR/../noc_soc/RTL/router/debug_ring_expand.sv"/>
        <Attr Name="ImportTime" Val="1526914366"/>
        <Attr Name="UsedIn" Val="synthesis"/>
        <Attr Name="UsedIn" Val="implementation"/>
        <Attr Name="UsedIn" Val="simulation"/>
      </FileInfo>
    </File>
    <File Path="$PSRCDIR/sources_1/imports/RTL/crypto/des3/des3_top_axi4lite.sv">
      <FileInfo>
        <Attr Name="AutoDisabled" Val="1"/>
        <Attr Name="ImportPath" Val="$PPRDIR/../noc_soc/RTL/crypto/des3/des3_top_axi4lite.sv"/>
        <Attr Name="ImportTime" Val="1563775316"/>
        <Attr Name="UsedIn" Val="synthesis"/>
        <Attr Name="UsedIn" Val="implementation"/>
        <Attr Name="UsedIn" Val="simulation"/>
      </FileInfo>
    </File>
    <File Path="$PSRCDIR/sources_1/imports/RTL/dsp/dft/dft_top_axi4lite.sv">
      <FileInfo>
        <Attr Name="AutoDisabled" Val="1"/>
        <Attr Name="ImportPath" Val="$PPRDIR/../noc_soc/RTL/dsp/dft/dft_top_axi4lite.sv"/>
        <Attr Name="ImportTime" Val="1544561758"/>
        <Attr Name="UsedIn" Val="synthesis"/>
        <Attr Name="UsedIn" Val="implementation"/>
        <Attr Name="UsedIn" Val="simulation"/>
      </FileInfo>
    </File>
    <File Path="$PSRCDIR/sources_1/imports/RTL/router/dii_buffer.sv">
      <FileInfo>
        <Attr Name="AutoDisabled" Val="1"/>
        <Attr Name="ImportPath" Val="$PPRDIR/../noc_soc/RTL/router/dii_buffer.sv"/>
        <Attr Name="ImportTime" Val="1526914366"/>
        <Attr Name="UsedIn" Val="synthesis"/>
        <Attr Name="UsedIn" Val="implementation"/>
        <Attr Name="UsedIn" Val="simulation"/>
      </FileInfo>
    </File>
    <File Path="$PSRCDIR/sources_1/imports/RTL/header/glip_channel.sv">
      <FileInfo>
        <Attr Name="AutoDisabled" Val="1"/>
        <Attr Name="ImportPath" Val="$PPRDIR/../noc_soc/RTL/header/glip_channel.sv"/>
        <Attr Name="ImportTime" Val="1526914366"/>
        <Attr Name="UsedIn" Val="synthesis"/>
        <Attr Name="UsedIn" Val="implementation"/>
        <Attr Name="UsedIn" Val="simulation"/>
      </FileInfo>
    </File>
    <File Path="$PSRCDIR/sources_1/imports/RTL/dsp/idft/idft_top_axi4lite.sv">
      <FileInfo>
        <Attr Name="AutoDisabled" Val="1"/>
        <Attr Name="ImportPath" Val="$PPRDIR/../noc_soc/RTL/dsp/idft/idft_top_axi4lite.sv"/>
        <Attr Name="ImportTime" Val="1544561758"/>
        <Attr Name="UsedIn" Val="synthesis"/>
        <Attr Name="UsedIn" Val="implementation"/>
        <Attr Name="UsedIn" Val="simulation"/>
      </FileInfo>
    </File>
    <File Path="$PSRCDIR/sources_1/imports/RTL/dsp/iir/iir_top_axi4lite.sv">
      <FileInfo>
        <Attr Name="AutoDisabled" Val="1"/>
        <Attr Name="ImportPath" Val="$PPRDIR/../noc_soc/RTL/dsp/iir/iir_top_axi4lite.sv"/>
        <Attr Name="ImportTime" Val="1544561758"/>
        <Attr Name="UsedIn" Val="synthesis"/>
        <Attr Name="UsedIn" Val="implementation"/>
        <Attr Name="UsedIn" Val="simulation"/>
      </FileInfo>
    </File>
    <File Path="$PSRCDIR/sources_1/imports/RTL/ram/mam_wb_adapter.sv">
      <FileInfo>
        <Attr Name="AutoDisabled" Val="1"/>
        <Attr Name="ImportPath" Val="$PPRDIR/../noc_soc/RTL/ram/mam_wb_adapter.sv"/>
        <Attr Name="ImportTime" Val="1526910766"/>
        <Attr Name="UsedIn" Val="synthesis"/>
        <Attr Name="UsedIn" Val="implementation"/>
        <Attr Name="UsedIn" Val="simulation"/>
      </FileInfo>
    </File>
    <File Path="$PSRCDIR/sources_1/imports/RTL/router/noc_mesh.sv">
      <FileInfo>
        <Attr Name="AutoDisabled" Val="1"/>
        <Attr Name="ImportPath" Val="$PPRDIR/../noc_soc/RTL/router/noc_mesh.sv"/>
        <Attr Name="ImportTime" Val="1526914366"/>
        <Attr Name="UsedIn" Val="synthesis"/>
        <Attr Name="UsedIn" Val="implementation"/>
        <Attr Name="UsedIn" Val="simulation"/>
      </FileInfo>
    </File>
    <File Path="$PSRCDIR/sources_1/imports/RTL/router/osd_fifo.sv">
      <FileInfo>
        <Attr Name="AutoDisabled" Val="1"/>
        <Attr Name="ImportPath" Val="$PPRDIR/../noc_soc/RTL/router/osd_fifo.sv"/>
        <Attr Name="ImportTime" Val="1526914366"/>
        <Attr Name="UsedIn" Val="synthesis"/>
        <Attr Name="UsedIn" Val="implementation"/>
        <Attr Name="UsedIn" Val="simulation"/>
      </FileInfo>
    </File>
    <File Path="$PSRCDIR/sources_1/imports/RTL/header/osd_him.sv">
      <FileInfo>
        <Attr Name="AutoDisabled" Val="1"/>
        <Attr Name="ImportPath" Val="$PPRDIR/../noc_soc/RTL/header/osd_him.sv"/>
        <Attr Name="ImportTime" Val="1526914366"/>
        <Attr Name="UsedIn" Val="synthesis"/>
        <Attr Name="UsedIn" Val="implementation"/>
        <Attr Name="UsedIn" Val="simulation"/>
      </FileInfo>
    </File>
    <File Path="$PSRCDIR/sources_1/imports/RTL/debug/osd_mam.sv">
      <FileInfo>
        <Attr Name="AutoDisabled" Val="1"/>
        <Attr Name="ImportPath" Val="$PPRDIR/../noc_soc/RTL/debug/osd_mam.sv"/>
        <Attr Name="ImportTime" Val="1526910766"/>
        <Attr Name="UsedIn" Val="synthesis"/>
        <Attr Name="UsedIn" Val="implementation"/>
        <Attr Name="UsedIn" Val="simulation"/>
      </FileInfo>
    </File>
    <File Path="$PSRCDIR/sources_1/imports/RTL/debug/osd_mam_wb.sv">
      <FileInfo>
        <Attr Name="AutoDisabled" Val="1"/>
        <Attr Name="ImportPath" Val="$PPRDIR/../noc_soc/RTL/debug/osd_mam_wb.sv"/>
        <Attr Name="ImportTime" Val="1526910766"/>
        <Attr Name="UsedIn" Val="synthesis"/>
        <Attr Name="UsedIn" Val="implementation"/>
        <Attr Name="UsedIn" Val="simulation"/>
      </FileInfo>
    </File>
    <File Path="$PSRCDIR/sources_1/imports/RTL/debug/osd_mam_wb_if.sv">
      <FileInfo>
        <Attr Name="AutoDisabled" Val="1"/>
        <Attr Name="ImportPath" Val="$PPRDIR/../noc_soc/RTL/debug/osd_mam_wb_if.sv"/>
        <Attr Name="ImportTime" Val="1526910766"/>
        <Attr Name="UsedIn" Val="synthesis"/>
        <Attr Name="UsedIn" Val="implementation"/>
        <Attr Name="UsedIn" Val="simulation"/>
      </FileInfo>
    </File>
    <File Path="$PSRCDIR/sources_1/imports/RTL/router/osd_regaccess.sv">
      <FileInfo>
        <Attr Name="AutoDisabled" Val="1"/>
        <Attr Name="ImportPath" Val="$PPRDIR/../noc_soc/RTL/router/osd_regaccess.sv"/>
        <Attr Name="ImportTime" Val="1526914366"/>
        <Attr Name="UsedIn" Val="synthesis"/>
        <Attr Name="UsedIn" Val="implementation"/>
        <Attr Name="UsedIn" Val="simulation"/>
      </FileInfo>
    </File>
    <File Path="$PSRCDIR/sources_1/imports/RTL/router/osd_regaccess_demux.sv">
      <FileInfo>
        <Attr Name="AutoDisabled" Val="1"/>
        <Attr Name="ImportPath" Val="$PPRDIR/../noc_soc/RTL/router/osd_regaccess_demux.sv"/>
        <Attr Name="ImportTime" Val="1526914366"/>
        <Attr Name="UsedIn" Val="synthesis"/>
        <Attr Name="UsedIn" Val="implementation"/>
        <Attr Name="UsedIn" Val="simulation"/>
      </FileInfo>
    </File>
    <File Path="$PSRCDIR/sources_1/imports/RTL/router/osd_regaccess_layer.sv">
      <FileInfo>
        <Attr Name="AutoDisabled" Val="1"/>
        <Attr Name="ImportPath" Val="$PPRDIR/../noc_soc/RTL/router/osd_regaccess_layer.sv"/>
        <Attr Name="ImportTime" Val="1526914366"/>
        <Attr Name="UsedIn" Val="synthesis"/>
        <Attr Name="UsedIn" Val="implementation"/>
        <Attr Name="UsedIn" Val="simulation"/>
      </FileInfo>
    </File>
    <File Path="$PSRCDIR/sources_1/imports/RTL/header/osd_scm.sv">
      <FileInfo>
        <Attr Name="AutoDisabled" Val="1"/>
        <Attr Name="ImportPath" Val="$PPRDIR/../noc_soc/RTL/header/osd_scm.sv"/>
        <Attr Name="ImportTime" Val="1526914366"/>
        <Attr Name="UsedIn" Val="synthesis"/>
        <Attr Name="UsedIn" Val="implementation"/>
        <Attr Name="UsedIn" Val="simulation"/>
      </FileInfo>
    </File>
    <File Path="$PSRCDIR/sources_1/imports/RTL/ram/ram_top_axi4lite.sv">
      <FileInfo>
        <Attr Name="AutoDisabled" Val="1"/>
        <Attr Name="ImportPath" Val="$PPRDIR/../noc_soc/RTL/ram/ram_top_axi4lite.sv"/>
        <Attr Name="ImportTime" Val="1563775018"/>
        <Attr Name="UsedIn" Val="synthesis"/>
        <Attr Name="UsedIn" Val="implementation"/>
        <Attr Name="UsedIn" Val="simulation"/>
      </FileInfo>
    </File>
    <File Path="$PSRCDIR/sources_1/imports/RTL/router/ring_router.sv">
      <FileInfo>
        <Attr Name="AutoDisabled" Val="1"/>
        <Attr Name="ImportPath" Val="$PPRDIR/../noc_soc/RTL/router/ring_router.sv"/>
        <Attr Name="ImportTime" Val="1526914366"/>
        <Attr Name="UsedIn" Val="synthesis"/>
        <Attr Name="UsedIn" Val="implementation"/>
        <Attr Name="UsedIn" Val="simulation"/>
      </FileInfo>
    </File>
    <File Path="$PSRCDIR/sources_1/imports/RTL/router/ring_router_demux.sv">
      <FileInfo>
        <Attr Name="AutoDisabled" Val="1"/>
        <Attr Name="ImportPath" Val="$PPRDIR/../noc_soc/RTL/router/ring_router_demux.sv"/>
        <Attr Name="ImportTime" Val="1526914366"/>
        <Attr Name="UsedIn" Val="synthesis"/>
        <Attr Name="UsedIn" Val="implementation"/>
        <Attr Name="UsedIn" Val="simulation"/>
      </FileInfo>
    </File>
    <File Path="$PSRCDIR/sources_1/imports/RTL/router/ring_router_gateway.sv">
      <FileInfo>
        <Attr Name="AutoDisabled" Val="1"/>
        <Attr Name="ImportPath" Val="$PPRDIR/../noc_soc/RTL/router/ring_router_gateway.sv"/>
        <Attr Name="ImportTime" Val="1526914366"/>
        <Attr Name="UsedIn" Val="synthesis"/>
        <Attr Name="UsedIn" Val="implementation"/>
        <Attr Name="UsedIn" Val="simulation"/>
      </FileInfo>
    </File>
    <File Path="$PSRCDIR/sources_1/imports/RTL/router/ring_router_gateway_demux.sv">
      <FileInfo>
        <Attr Name="AutoDisabled" Val="1"/>
        <Attr Name="ImportPath" Val="$PPRDIR/../noc_soc/RTL/router/ring_router_gateway_demux.sv"/>
        <Attr Name="ImportTime" Val="1526914366"/>
        <Attr Name="UsedIn" Val="synthesis"/>
        <Attr Name="UsedIn" Val="implementation"/>
        <Attr Name="UsedIn" Val="simulation"/>
      </FileInfo>
    </File>
    <File Path="$PSRCDIR/sources_1/imports/RTL/router/ring_router_gateway_mux.sv">
      <FileInfo>
        <Attr Name="AutoDisabled" Val="1"/>
        <Attr Name="ImportPath" Val="$PPRDIR/../noc_soc/RTL/router/ring_router_gateway_mux.sv"/>
        <Attr Name="ImportTime" Val="1526914366"/>
        <Attr Name="UsedIn" Val="synthesis"/>
        <Attr Name="UsedIn" Val="implementation"/>
        <Attr Name="UsedIn" Val="simulation"/>
      </FileInfo>
    </File>
    <File Path="$PSRCDIR/sources_1/imports/RTL/router/ring_router_mux.sv">
      <FileInfo>
        <Attr Name="AutoDisabled" Val="1"/>
        <Attr Name="ImportPath" Val="$PPRDIR/../noc_soc/RTL/router/ring_router_mux.sv"/>
        <Attr Name="ImportTime" Val="1526914366"/>
        <Attr Name="UsedIn" Val="synthesis"/>
        <Attr Name="UsedIn" Val="implementation"/>
        <Attr Name="UsedIn" Val="simulation"/>
      </FileInfo>
    </File>
    <File Path="$PSRCDIR/sources_1/imports/RTL/router/ring_router_mux_rr.sv">
      <FileInfo>
        <Attr Name="AutoDisabled" Val="1"/>
        <Attr Name="ImportPath" Val="$PPRDIR/../noc_soc/RTL/router/ring_router_mux_rr.sv"/>
        <Attr Name="ImportTime" Val="1526914366"/>
        <Attr Name="UsedIn" Val="synthesis"/>
        <Attr Name="UsedIn" Val="implementation"/>
        <Attr Name="UsedIn" Val="simulation"/>
      </FileInfo>
    </File>
    <File Path="$PSRCDIR/sources_1/imports/RTL/crypto/rsa/rtl/rsa_top_axi4lite.sv">
      <FileInfo>
        <Attr Name="AutoDisabled" Val="1"/>
        <Attr Name="ImportPath" Val="$PPRDIR/../noc_soc/RTL/crypto/rsa/rtl/rsa_top_axi4lite.sv"/>
        <Attr Name="ImportTime" Val="1563775302"/>
        <Attr Name="UsedIn" Val="synthesis"/>
        <Attr Name="UsedIn" Val="implementation"/>
        <Attr Name="UsedIn" Val="simulation"/>
      </FileInfo>
    </File>
    <File Path="$PSRCDIR/sources_1/imports/RTL/crypto/sha256/sha256_top_axi4lite.sv">
      <FileInfo>
        <Attr Name="AutoDisabled" Val="1"/>
        <Attr Name="ImportPath" Val="$PPRDIR/../noc_soc/RTL/crypto/sha256/sha256_top_axi4lite.sv"/>
        <Attr Name="ImportTime" Val="1563775288"/>
        <Attr Name="UsedIn" Val="synthesis"/>
        <Attr Name="UsedIn" Val="implementation"/>
        <Attr Name="UsedIn" Val="simulation"/>
      </FileInfo>
    </File>
    <File Path="$PSRCDIR/sources_1/imports/RTL/ram/sram_sp.sv">
      <FileInfo>
        <Attr Name="AutoDisabled" Val="1"/>
        <Attr Name="ImportPath" Val="$PPRDIR/../noc_soc/RTL/ram/sram_sp.sv"/>
        <Attr Name="ImportTime" Val="1526910766"/>
        <Attr Name="UsedIn" Val="synthesis"/>
        <Attr Name="UsedIn" Val="implementation"/>
        <Attr Name="UsedIn" Val="simulation"/>
      </FileInfo>
    </File>
    <File Path="$PSRCDIR/sources_1/imports/RTL/ram/sram_sp_impl_plain.sv">
      <FileInfo>
        <Attr Name="AutoDisabled" Val="1"/>
        <Attr Name="ImportPath" Val="$PPRDIR/../noc_soc/RTL/ram/sram_sp_impl_plain.sv"/>
        <Attr Name="ImportTime" Val="1527090192"/>
        <Attr Name="UsedIn" Val="synthesis"/>
        <Attr Name="UsedIn" Val="implementation"/>
        <Attr Name="UsedIn" Val="simulation"/>
      </FileInfo>
    </File>
    <File Path="$PSRCDIR/sources_1/imports/RTL/ram/wb2sram.sv">
      <FileInfo>
        <Attr Name="AutoDisabled" Val="1"/>
        <Attr Name="ImportPath" Val="$PPRDIR/../noc_soc/RTL/ram/wb2sram.sv"/>
        <Attr Name="ImportTime" Val="1526910766"/>
        <Attr Name="UsedIn" Val="synthesis"/>
        <Attr Name="UsedIn" Val="implementation"/>
        <Attr Name="UsedIn" Val="simulation"/>
      </FileInfo>
    </File>
    <File Path="$PSRCDIR/sources_1/imports/RTL/ram/wb_sram_sp.sv">
      <FileInfo>
        <Attr Name="AutoDisabled" Val="1"/>
        <Attr Name="ImportPath" Val="$PPRDIR/../noc_soc/RTL/ram/wb_sram_sp.sv"/>
        <Attr Name="ImportTime" Val="1526910766"/>
        <Attr Name="UsedIn" Val="synthesis"/>
        <Attr Name="UsedIn" Val="implementation"/>
        <Attr Name="UsedIn" Val="simulation"/>
      </FileInfo>
    </File>
    <File Path="$PSRCDIR/sources_1/imports/RTL/header/noc_soc_def.vh">
      <FileInfo>
        <Attr Name="AutoDisabled" Val="1"/>
        <Attr Name="ImportPath" Val="$PPRDIR/../noc_soc/RTL/header/noc_soc_def.vh"/>
        <Attr Name="ImportTime" Val="1584438876"/>
        <Attr Name="UsedIn" Val="synthesis"/>
        <Attr Name="UsedIn" Val="simulation"/>
      </FileInfo>
    </File>
    <File Path="$PSRCDIR/sources_1/imports/RTL/dsp/idft/IDFT.h">
      <FileInfo>
        <Attr Name="AutoDisabled" Val="1"/>
        <Attr Name="ImportPath" Val="$PPRDIR/../noc_soc/RTL/dsp/idft/IDFT.h"/>
        <Attr Name="ImportTime" Val="1544558158"/>
        <Attr Name="UsedIn" Val="synthesis"/>
        <Attr Name="UsedIn" Val="simulation"/>
      </FileInfo>
    </File>
    <File Path="$PSRCDIR/sources_1/imports/RTL/crypto/sha256/input.h">
      <FileInfo>
        <Attr Name="AutoDisabled" Val="1"/>
        <Attr Name="ImportPath" Val="$PPRDIR/../noc_soc/RTL/crypto/sha256/input.h"/>
        <Attr Name="ImportTime" Val="1544558158"/>
        <Attr Name="UsedIn" Val="synthesis"/>
        <Attr Name="UsedIn" Val="simulation"/>
      </FileInfo>
    </File>
    <File Path="$PSRCDIR/sources_1/imports/RTL/router/lisnoc_link_if.sv">
      <FileInfo>
        <Attr Name="AutoDisabled" Val="1"/>
        <Attr Name="ImportPath" Val="$PPRDIR/../noc_soc/RTL/router/lisnoc_link_if.sv"/>
        <Attr Name="ImportTime" Val="1526914366"/>
        <Attr Name="UsedIn" Val="synthesis"/>
        <Attr Name="UsedIn" Val="implementation"/>
        <Attr Name="UsedIn" Val="simulation"/>
      </FileInfo>
    </File>
    <File Path="$PSRCDIR/sources_1/imports/RTL/debug/dii_channel_flat.sv">
      <FileInfo>
        <Attr Name="AutoDisabled" Val="1"/>
        <Attr Name="ImportPath" Val="$PPRDIR/../noc_soc/RTL/debug/dii_channel_flat.sv"/>
        <Attr Name="ImportTime" Val="1526910766"/>
        <Attr Name="UsedIn" Val="synthesis"/>
        <Attr Name="UsedIn" Val="implementation"/>
        <Attr Name="UsedIn" Val="simulation"/>
      </FileInfo>
    </File>
    <File Path="$PSRCDIR/sources_1/imports/RTL/router/lisnoc.svh">
      <FileInfo>
        <Attr Name="AutoDisabled" Val="1"/>
        <Attr Name="ImportPath" Val="$PPRDIR/../noc_soc/RTL/router/lisnoc.svh"/>
        <Attr Name="ImportTime" Val="1526914366"/>
        <Attr Name="UsedIn" Val="synthesis"/>
        <Attr Name="UsedIn" Val="simulation"/>
      </FileInfo>
    </File>
    <File Path="$PSRCDIR/sources_1/imports/RTL/dsp/iir/input.h">
      <FileInfo>
        <Attr Name="AutoDisabled" Val="1"/>
        <Attr Name="ImportPath" Val="$PPRDIR/../noc_soc/RTL/dsp/iir/input.h"/>
        <Attr Name="ImportTime" Val="1544561758"/>
        <Attr Name="UsedIn" Val="synthesis"/>
        <Attr Name="UsedIn" Val="simulation"/>
      </FileInfo>
    </File>
    <File Path="$PSRCDIR/sources_1/imports/RTL/crypto/rsa/src/extKeys.h">
      <FileInfo>
        <Attr Name="AutoDisabled" Val="1"/>
        <Attr Name="ImportPath" Val="$PPRDIR/../noc_soc/RTL/crypto/rsa/src/extKeys.h"/>
        <Attr Name="ImportTime" Val="1544561758"/>
        <Attr Name="UsedIn" Val="synthesis"/>
        <Attr Name="UsedIn" Val="simulation"/>
      </FileInfo>
    </File>
    <File Path="$PSRCDIR/sources_1/imports/RTL/router/dii_channel_flat.sv">
      <FileInfo>
        <Attr Name="AutoDisabled" Val="1"/>
        <Attr Name="ImportPath" Val="$PPRDIR/../noc_soc/RTL/router/dii_channel_flat.sv"/>
        <Attr Name="ImportTime" Val="1526914366"/>
        <Attr Name="UsedIn" Val="synthesis"/>
        <Attr Name="UsedIn" Val="implementation"/>
        <Attr Name="UsedIn" Val="simulation"/>
      </FileInfo>
    </File>
    <File Path="$PSRCDIR/sources_1/imports/RTL/header/noc_soc_constants.sv">
      <FileInfo>
        <Attr Name="AutoDisabled" Val="1"/>
        <Attr Name="ImportPath" Val="$PPRDIR/../noc_soc/RTL/header/noc_soc_constants.sv"/>
        <Attr Name="ImportTime" Val="1584474854"/>
        <Attr Name="UsedIn" Val="synthesis"/>
        <Attr Name="UsedIn" Val="implementation"/>
        <Attr Name="UsedIn" Val="simulation"/>
      </FileInfo>
    </File>
    <File Path="$PSRCDIR/sources_1/imports/RTL/dsp/iir/IIR.h">
      <FileInfo>
        <Attr Name="AutoDisabled" Val="1"/>
        <Attr Name="ImportPath" Val="$PPRDIR/../noc_soc/RTL/dsp/iir/IIR.h"/>
        <Attr Name="ImportTime" Val="1544561758"/>
        <Attr Name="UsedIn" Val="synthesis"/>
        <Attr Name="UsedIn" Val="simulation"/>
      </FileInfo>
    </File>
    <File Path="$PSRCDIR/sources_1/imports/RTL/crypto/rsa/src/file.h">
      <FileInfo>
        <Attr Name="AutoDisabled" Val="1"/>
        <Attr Name="ImportPath" Val="$PPRDIR/../noc_soc/RTL/crypto/rsa/src/file.h"/>
        <Attr Name="ImportTime" Val="1544561758"/>
        <Attr Name="UsedIn" Val="synthesis"/>
        <Attr Name="UsedIn" Val="simulation"/>
      </FileInfo>
    </File>
    <File Path="$PSRCDIR/sources_1/imports/RTL/dsp/fir/input.h">
      <FileInfo>
        <Attr Name="AutoDisabled" Val="1"/>
        <Attr Name="ImportPath" Val="$PPRDIR/../noc_soc/RTL/dsp/fir/input.h"/>
        <Attr Name="ImportTime" Val="1544558158"/>
        <Attr Name="UsedIn" Val="synthesis"/>
        <Attr Name="UsedIn" Val="simulation"/>
      </FileInfo>
    </File>
    <File Path="$PSRCDIR/sources_1/imports/RTL/header/timescale.v">
      <FileInfo>
        <Attr Name="AutoDisabled" Val="1"/>
        <Attr Name="ImportPath" Val="$PPRDIR/../noc_soc/RTL/header/timescale.v"/>
        <Attr Name="ImportTime" Val="1544561758"/>
        <Attr Name="UsedIn" Val="synthesis"/>
        <Attr Name="UsedIn" Val="implementation"/>
        <Attr Name="UsedIn" Val="simulation"/>
      </FileInfo>
    </File>
    <File Path="$PSRCDIR/sources_1/imports/RTL/dsp/dft/input.h">
      <FileInfo>
        <Attr Name="AutoDisabled" Val="1"/>
        <Attr Name="ImportPath" Val="$PPRDIR/../noc_soc/RTL/dsp/dft/input.h"/>
        <Attr Name="ImportTime" Val="1544558158"/>
        <Attr Name="UsedIn" Val="synthesis"/>
        <Attr Name="UsedIn" Val="simulation"/>
      </FileInfo>
    </File>
    <File Path="$PSRCDIR/sources_1/imports/RTL/crypto/des3/DES3.h">
      <FileInfo>
        <Attr Name="AutoDisabled" Val="1"/>
        <Attr Name="ImportPath" Val="$PPRDIR/../noc_soc/RTL/crypto/des3/DES3.h"/>
        <Attr Name="ImportTime" Val="1544558158"/>
        <Attr Name="UsedIn" Val="synthesis"/>
        <Attr Name="UsedIn" Val="simulation"/>
      </FileInfo>
    </File>
    <File Path="$PSRCDIR/sources_1/imports/RTL/crypto/md5/MD5.h">
      <FileInfo>
        <Attr Name="AutoDisabled" Val="1"/>
        <Attr Name="ImportPath" Val="$PPRDIR/../noc_soc/RTL/crypto/md5/MD5.h"/>
        <Attr Name="ImportTime" Val="1544558158"/>
        <Attr Name="UsedIn" Val="synthesis"/>
        <Attr Name="UsedIn" Val="simulation"/>
      </FileInfo>
    </File>
    <File Path="$PSRCDIR/sources_1/imports/RTL/crypto/rsa/pem/pubkey.h">
      <FileInfo>
        <Attr Name="AutoDisabled" Val="1"/>
        <Attr Name="ImportPath" Val="$PPRDIR/../noc_soc/RTL/crypto/rsa/pem/pubkey.h"/>
        <Attr Name="ImportTime" Val="1544561758"/>
        <Attr Name="UsedIn" Val="synthesis"/>
        <Attr Name="UsedIn" Val="simulation"/>
      </FileInfo>
    </File>
    <File Path="$PSRCDIR/sources_1/imports/RTL/dsp/fir/FIR.h">
      <FileInfo>
        <Attr Name="AutoDisabled" Val="1"/>
        <Attr Name="ImportPath" Val="$PPRDIR/../noc_soc/RTL/dsp/fir/FIR.h"/>
        <Attr Name="ImportTime" Val="1544558158"/>
        <Attr Name="UsedIn" Val="synthesis"/>
        <Attr Name="UsedIn" Val="simulation"/>
      </FileInfo>
    </File>
    <File Path="$PSRCDIR/sources_1/imports/RTL/crypto/rsa/pem/prikey.h">
      <FileInfo>
        <Attr Name="AutoDisabled" Val="1"/>
        <Attr Name="ImportPath" Val="$PPRDIR/../noc_soc/RTL/crypto/rsa/pem/prikey.h"/>
        <Attr Name="ImportTime" Val="1544561758"/>
        <Attr Name="UsedIn" Val="synthesis"/>
        <Attr Name="UsedIn" Val="simulation"/>
      </FileInfo>
    </File>
    <File Path="$PSRCDIR/sources_1/imports/RTL/crypto/rsa/src/input.h">
      <FileInfo>
        <Attr Name="AutoDisabled" Val="1"/>
        <Attr Name="ImportPath" Val="$PPRDIR/../noc_soc/RTL/crypto/rsa/src/input.h"/>
        <Attr Name="ImportTime" Val="1544561758"/>
        <Attr Name="UsedIn" Val="synthesis"/>
        <Attr Name="UsedIn" Val="simulation"/>
      </FileInfo>
    </File>
    <File Path="$PSRCDIR/sources_1/imports/RTL/crypto/rsa/src/define.h">
      <FileInfo>
        <Attr Name="AutoDisabled" Val="1"/>
        <Attr Name="ImportPath" Val="$PPRDIR/../noc_soc/RTL/crypto/rsa/src/define.h"/>
        <Attr Name="ImportTime" Val="1544561758"/>
        <Attr Name="UsedIn" Val="synthesis"/>
        <Attr Name="UsedIn" Val="simulation"/>
      </FileInfo>
    </File>
    <File Path="$PSRCDIR/sources_1/imports/RTL/header/optimsoc_def.vh">
      <FileInfo>
        <Attr Name="AutoDisabled" Val="1"/>
        <Attr Name="ImportPath" Val="$PPRDIR/../noc_soc/RTL/header/optimsoc_def.vh"/>
        <Attr Name="ImportTime" Val="1526914366"/>
        <Attr Name="UsedIn" Val="synthesis"/>
        <Attr Name="UsedIn" Val="simulation"/>
      </FileInfo>
    </File>
    <File Path="$PSRCDIR/sources_1/imports/RTL/crypto/rsa/src/hex2ascii.h">
      <FileInfo>
        <Attr Name="AutoDisabled" Val="1"/>
        <Attr Name="ImportPath" Val="$PPRDIR/../noc_soc/RTL/crypto/rsa/src/hex2ascii.h"/>
        <Attr Name="ImportTime" Val="1544561758"/>
        <Attr Name="UsedIn" Val="synthesis"/>
        <Attr Name="UsedIn" Val="simulation"/>
      </FileInfo>
    </File>
    <File Path="$PSRCDIR/sources_1/imports/RTL/crypto/rsa/src/RSA.h">
      <FileInfo>
        <Attr Name="AutoDisabled" Val="1"/>
        <Attr Name="ImportPath" Val="$PPRDIR/../noc_soc/RTL/crypto/rsa/src/RSA.h"/>
        <Attr Name="ImportTime" Val="1544561758"/>
        <Attr Name="UsedIn" Val="synthesis"/>
        <Attr Name="UsedIn" Val="simulation"/>
      </FileInfo>
    </File>
    <File Path="$PSRCDIR/sources_1/imports/RTL/crypto/sha256/SHA256.h">
      <FileInfo>
        <Attr Name="AutoDisabled" Val="1"/>
        <Attr Name="ImportPath" Val="$PPRDIR/../noc_soc/RTL/crypto/sha256/SHA256.h"/>
        <Attr Name="ImportTime" Val="1544558158"/>
        <Attr Name="UsedIn" Val="synthesis"/>
        <Attr Name="UsedIn" Val="simulation"/>
      </FileInfo>
    </File>
    <File Path="$PSRCDIR/sources_1/imports/RTL/dsp/idft/input.h">
      <FileInfo>
        <Attr Name="AutoDisabled" Val="1"/>
        <Attr Name="ImportPath" Val="$PPRDIR/../noc_soc/RTL/dsp/idft/input.h"/>
        <Attr Name="ImportTime" Val="1544558158"/>
        <Attr Name="UsedIn" Val="synthesis"/>
        <Attr Name="UsedIn" Val="simulation"/>
      </FileInfo>
    </File>
    <File Path="$PSRCDIR/sources_1/imports/RTL/crypto/aes/AES.h">
      <FileInfo>
        <Attr Name="AutoDisabled" Val="1"/>
        <Attr Name="ImportPath" Val="$PPRDIR/../noc_soc/RTL/crypto/aes/AES.h"/>
        <Attr Name="ImportTime" Val="1544558158"/>
        <Attr Name="UsedIn" Val="synthesis"/>
        <Attr Name="UsedIn" Val="simulation"/>
      </FileInfo>
    </File>
    <File Path="$PSRCDIR/sources_1/imports/RTL/dsp/dft/DFT.h">
      <FileInfo>
        <Attr Name="AutoDisabled" Val="1"/>
        <Attr Name="ImportPath" Val="$PPRDIR/../noc_soc/RTL/dsp/dft/DFT.h"/>
        <Attr Name="ImportTime" Val="1544558158"/>
        <Attr Name="UsedIn" Val="synthesis"/>
        <Attr Name="UsedIn" Val="simulation"/>
      </FileInfo>
    </File>
    <File Path="$PSRCDIR/sources_1/imports/RTL/crypto/md5/input.h">
      <FileInfo>
        <Attr Name="AutoDisabled" Val="1"/>
        <Attr Name="ImportPath" Val="$PPRDIR/../noc_soc/RTL/crypto/md5/input.h"/>
        <Attr Name="ImportTime" Val="1544558158"/>
        <Attr Name="UsedIn" Val="synthesis"/>
        <Attr Name="UsedIn" Val="simulation"/>
      </FileInfo>
    </File>
    <File Path="$PSRCDIR/sources_1/imports/RTL/crypto/rsa/src/ascii2hex.h">
      <FileInfo>
        <Attr Name="AutoDisabled" Val="1"/>
        <Attr Name="ImportPath" Val="$PPRDIR/../noc_soc/RTL/crypto/rsa/src/ascii2hex.h"/>
        <Attr Name="ImportTime" Val="1544561758"/>
        <Attr Name="UsedIn" Val="synthesis"/>
        <Attr Name="UsedIn" Val="simulation"/>
      </FileInfo>
    </File>
    <Config>
      <Option Name="DesignMode" Val="RTL"/>
      <Option Name="TopModule" Val="tb_system"/>
    </Config>
  </FileSet>
  <FileSet Name="constrs_in" Type="Constrs" RelSrcDir="$PSRCDIR/constrs_1">
    <Filter Type="Constrs"/>
    <File Path="$PSRCDIR/constrs_1/imports/header/noc_soc_constraints.xdc">
      <FileInfo>
        <Attr Name="ImportPath" Val="$PPRDIR/../noc_soc/RTL/header/noc_soc_constraints.xdc"/>
        <Attr Name="ImportTime" Val="1584593716"/>
        <Attr Name="UsedIn" Val="synthesis"/>
        <Attr Name="UsedIn" Val="implementation"/>
      </FileInfo>
    </File>
    <Config>
      <Option Name="ConstrsType" Val="XDC"/>
    </Config>
  </FileSet>
  <FileSet Name="utils" Type="Utils" RelSrcDir="$PSRCDIR/utils_1">
    <Filter Type="Utils"/>
    <Config>
      <Option Name="TopAutoSet" Val="TRUE"/>
    </Config>
  </FileSet>
  <Strategy Version="1" Minor="2">
    <StratHandle Name="Vivado Synthesis Defaults" Flow="Vivado Synthesis 2017"/>
    <Step Id="synth_design"/>
  </Strategy>
</GenRun>
