<?xml version="1.0" encoding="UTF-8"?>
<GenRun Id="synth_1" LaunchPart="xczu7ev-ffvf1517-1LV-i" LaunchTime="1584587835">
  <File Type="PA-TCL" Name="axi_top.tcl"/>
  <File Type="RDS-PROPCONSTRS" Name="axi_top_drc_synth.rpt"/>
  <File Type="REPORTS-TCL" Name="axi_top_reports.tcl"/>
  <File Type="RDS-RDS" Name="axi_top.vds"/>
  <File Type="RDS-UTIL" Name="axi_top_utilization_synth.rpt"/>
  <File Type="RDS-UTIL-PB" Name="axi_top_utilization_synth.pb"/>
  <File Type="RDS-DCP" Name="axi_top.dcp"/>
  <File Type="VDS-TIMINGSUMMARY" Name="axi_top_timing_summary_synth.rpt"/>
  <File Type="VDS-TIMING-PB" Name="axi_top_timing_summary_synth.pb"/>
  <FileSet Name="sources" Type="DesignSrcs" RelSrcDir="$PSRCDIR/sources_1">
    <Filter Type="Srcs"/>
    <File Path="$PSRCDIR/sources_1/imports/dsp/fir/FIR_filter.v">
      <FileInfo>
        <Attr Name="ImportPath" Val="D:/OneDrive/OneDrive - University of Florida/SoC Compiler Tool/AXI SoC/CEP-master-Copy/CEP-master/hdl_cores/dsp/fir/FIR_filter.v"/>
        <Attr Name="ImportTime" Val="1536037402"/>
        <Attr Name="UsedIn" Val="synthesis"/>
        <Attr Name="UsedIn" Val="implementation"/>
        <Attr Name="UsedIn" Val="simulation"/>
      </FileInfo>
    </File>
    <File Path="$PSRCDIR/sources_1/imports/dsp/iir/IIR_filter.v">
      <FileInfo>
        <Attr Name="ImportPath" Val="D:/OneDrive/OneDrive - University of Florida/SoC Compiler Tool/AXI SoC/CEP-master-Copy/CEP-master/hdl_cores/dsp/iir/IIR_filter.v"/>
        <Attr Name="ImportTime" Val="1536036423"/>
        <Attr Name="UsedIn" Val="synthesis"/>
        <Attr Name="UsedIn" Val="implementation"/>
        <Attr Name="UsedIn" Val="simulation"/>
      </FileInfo>
    </File>
    <File Path="$PSRCDIR/sources_1/imports/hdl_cores/aes/aes_192.v">
      <FileInfo>
        <Attr Name="ImportPath" Val="D:/OneDrive/OneDrive - University of Florida/SoC Compiler Tool/AXI SoC/CEP-master-Copy/CEP-master/hdl_cores/aes/aes_192.v"/>
        <Attr Name="ImportTime" Val="1544558157"/>
        <Attr Name="UsedIn" Val="synthesis"/>
        <Attr Name="UsedIn" Val="implementation"/>
        <Attr Name="UsedIn" Val="simulation"/>
      </FileInfo>
    </File>
    <File Path="$PSRCDIR/sources_1/imports/hdl_cores/aes/aes_top.v">
      <FileInfo>
        <Attr Name="ImportPath" Val="D:/OneDrive/OneDrive - University of Florida/SoC Compiler Tool/AXI SoC/CEP-master-Copy/CEP-master/hdl_cores/aes/aes_top.v"/>
        <Attr Name="ImportTime" Val="1544558157"/>
        <Attr Name="UsedIn" Val="synthesis"/>
        <Attr Name="UsedIn" Val="implementation"/>
        <Attr Name="UsedIn" Val="simulation"/>
      </FileInfo>
    </File>
    <File Path="$PSRCDIR/sources_1/imports/hdl_cores/clkgen/clkgen.v">
      <FileInfo>
        <Attr Name="ImportPath" Val="D:/OneDrive/OneDrive - University of Florida/SoC Compiler Tool/AXI SoC/CEP-master-Copy/CEP-master/hdl_cores/clkgen/clkgen.v"/>
        <Attr Name="ImportTime" Val="1544558157"/>
        <Attr Name="UsedIn" Val="synthesis"/>
        <Attr Name="UsedIn" Val="implementation"/>
        <Attr Name="UsedIn" Val="simulation"/>
      </FileInfo>
    </File>
    <File Path="$PSRCDIR/sources_1/imports/hdl_cores/des3/crp.v">
      <FileInfo>
        <Attr Name="ImportPath" Val="D:/OneDrive/OneDrive - University of Florida/SoC Compiler Tool/AXI SoC/CEP-master-Copy/CEP-master/hdl_cores/des3/crp.v"/>
        <Attr Name="ImportTime" Val="1544558157"/>
        <Attr Name="UsedIn" Val="synthesis"/>
        <Attr Name="UsedIn" Val="implementation"/>
        <Attr Name="UsedIn" Val="simulation"/>
      </FileInfo>
    </File>
    <File Path="$PSRCDIR/sources_1/imports/hdl_cores/des3/des3.v">
      <FileInfo>
        <Attr Name="ImportPath" Val="D:/OneDrive/OneDrive - University of Florida/SoC Compiler Tool/AXI SoC/CEP-master-Copy/CEP-master/hdl_cores/des3/des3.v"/>
        <Attr Name="ImportTime" Val="1544558157"/>
        <Attr Name="UsedIn" Val="synthesis"/>
        <Attr Name="UsedIn" Val="implementation"/>
        <Attr Name="UsedIn" Val="simulation"/>
      </FileInfo>
    </File>
    <File Path="$PSRCDIR/sources_1/imports/hdl_cores/des3/des3_top.v">
      <FileInfo>
        <Attr Name="ImportPath" Val="D:/OneDrive/OneDrive - University of Florida/SoC Compiler Tool/AXI SoC/CEP-master-Copy/CEP-master/hdl_cores/des3/des3_top.v"/>
        <Attr Name="ImportTime" Val="1544558157"/>
        <Attr Name="UsedIn" Val="synthesis"/>
        <Attr Name="UsedIn" Val="implementation"/>
        <Attr Name="UsedIn" Val="simulation"/>
      </FileInfo>
    </File>
    <File Path="$PSRCDIR/sources_1/imports/dsp/dft/dft_top.v">
      <FileInfo>
        <Attr Name="ImportPath" Val="D:/OneDrive/OneDrive - University of Florida/SoC Compiler Tool/AXI SoC/CEP-master-Copy/CEP-master/hdl_cores/dsp/dft/dft_top.v"/>
        <Attr Name="ImportTime" Val="1536036276"/>
        <Attr Name="UsedIn" Val="synthesis"/>
        <Attr Name="UsedIn" Val="implementation"/>
        <Attr Name="UsedIn" Val="simulation"/>
      </FileInfo>
    </File>
    <File Path="$PSRCDIR/sources_1/imports/hdl_cores/dsp/dft/dft_top_top.v">
      <FileInfo>
        <Attr Name="ImportPath" Val="D:/OneDrive/OneDrive - University of Florida/SoC Compiler Tool/AXI SoC/CEP-master-Copy/CEP-master/hdl_cores/dsp/dft/dft_top_top.v"/>
        <Attr Name="ImportTime" Val="1544558157"/>
        <Attr Name="UsedIn" Val="synthesis"/>
        <Attr Name="UsedIn" Val="implementation"/>
        <Attr Name="UsedIn" Val="simulation"/>
      </FileInfo>
    </File>
    <File Path="$PSRCDIR/sources_1/imports/hdl_cores/dsp/fir/fir_top.v">
      <FileInfo>
        <Attr Name="ImportPath" Val="D:/OneDrive/OneDrive - University of Florida/SoC Compiler Tool/AXI SoC/CEP-master-Copy/CEP-master/hdl_cores/dsp/fir/fir_top.v"/>
        <Attr Name="ImportTime" Val="1544558157"/>
        <Attr Name="UsedIn" Val="synthesis"/>
        <Attr Name="UsedIn" Val="implementation"/>
        <Attr Name="UsedIn" Val="simulation"/>
      </FileInfo>
    </File>
    <File Path="$PSRCDIR/sources_1/imports/dsp/idft/idft_top.v">
      <FileInfo>
        <Attr Name="ImportPath" Val="D:/OneDrive/OneDrive - University of Florida/SoC Compiler Tool/AXI SoC/CEP-master-Copy/CEP-master/hdl_cores/dsp/idft/idft_top.v"/>
        <Attr Name="ImportTime" Val="1536036564"/>
        <Attr Name="UsedIn" Val="synthesis"/>
        <Attr Name="UsedIn" Val="implementation"/>
        <Attr Name="UsedIn" Val="simulation"/>
      </FileInfo>
    </File>
    <File Path="$PSRCDIR/sources_1/imports/hdl_cores/dsp/idft/idft_top_top.v">
      <FileInfo>
        <Attr Name="ImportPath" Val="D:/OneDrive/OneDrive - University of Florida/SoC Compiler Tool/AXI SoC/CEP-master-Copy/CEP-master/hdl_cores/dsp/idft/idft_top_top.v"/>
        <Attr Name="ImportTime" Val="1544558157"/>
        <Attr Name="UsedIn" Val="synthesis"/>
        <Attr Name="UsedIn" Val="implementation"/>
        <Attr Name="UsedIn" Val="simulation"/>
      </FileInfo>
    </File>
    <File Path="$PSRCDIR/sources_1/imports/hdl_cores/dsp/iir/iir_top.v">
      <FileInfo>
        <Attr Name="ImportPath" Val="D:/OneDrive/OneDrive - University of Florida/SoC Compiler Tool/AXI SoC/CEP-master-Copy/CEP-master/hdl_cores/dsp/iir/iir_top.v"/>
        <Attr Name="ImportTime" Val="1544558157"/>
        <Attr Name="UsedIn" Val="synthesis"/>
        <Attr Name="UsedIn" Val="implementation"/>
        <Attr Name="UsedIn" Val="simulation"/>
      </FileInfo>
    </File>
    <File Path="$PSRCDIR/sources_1/imports/hdl_cores/des3/key_sel3.v">
      <FileInfo>
        <Attr Name="ImportPath" Val="D:/OneDrive/OneDrive - University of Florida/SoC Compiler Tool/AXI SoC/CEP-master-Copy/CEP-master/hdl_cores/des3/key_sel3.v"/>
        <Attr Name="ImportTime" Val="1544558157"/>
        <Attr Name="UsedIn" Val="synthesis"/>
        <Attr Name="UsedIn" Val="implementation"/>
        <Attr Name="UsedIn" Val="simulation"/>
      </FileInfo>
    </File>
    <File Path="$PSRCDIR/sources_1/imports/hdl_cores/md5/md5_top.v">
      <FileInfo>
        <Attr Name="ImportPath" Val="D:/OneDrive/OneDrive - University of Florida/SoC Compiler Tool/AXI SoC/CEP-master-Copy/CEP-master/hdl_cores/md5/md5_top.v"/>
        <Attr Name="ImportTime" Val="1544558157"/>
        <Attr Name="UsedIn" Val="synthesis"/>
        <Attr Name="UsedIn" Val="implementation"/>
        <Attr Name="UsedIn" Val="simulation"/>
      </FileInfo>
    </File>
    <File Path="$PSRCDIR/sources_1/imports/hdl_cores/md5/pancham.v">
      <FileInfo>
        <Attr Name="ImportPath" Val="D:/OneDrive/OneDrive - University of Florida/SoC Compiler Tool/AXI SoC/CEP-master-Copy/CEP-master/hdl_cores/md5/pancham.v"/>
        <Attr Name="ImportTime" Val="1544558157"/>
        <Attr Name="UsedIn" Val="synthesis"/>
        <Attr Name="UsedIn" Val="implementation"/>
        <Attr Name="UsedIn" Val="simulation"/>
      </FileInfo>
    </File>
    <File Path="$PSRCDIR/sources_1/imports/hdl_cores/md5/pancham_round.v">
      <FileInfo>
        <Attr Name="ImportPath" Val="D:/OneDrive/OneDrive - University of Florida/SoC Compiler Tool/AXI SoC/CEP-master-Copy/CEP-master/hdl_cores/md5/pancham_round.v"/>
        <Attr Name="ImportTime" Val="1544558157"/>
        <Attr Name="UsedIn" Val="synthesis"/>
        <Attr Name="UsedIn" Val="implementation"/>
        <Attr Name="UsedIn" Val="simulation"/>
      </FileInfo>
    </File>
    <File Path="$PSRCDIR/sources_1/imports/picorv32-master/picorv32.v">
      <FileInfo>
        <Attr Name="ImportPath" Val="D:/OneDrive/OneDrive - University of Florida/Xilinx/PicoRSV.4.4.2019/PicoRSV.4.4.2019/PicoRSV.4.4.2019.srcs/sources_1/imports/picorv32-master/picorv32.v"/>
        <Attr Name="ImportTime" Val="1563756890"/>
        <Attr Name="UsedIn" Val="synthesis"/>
        <Attr Name="UsedIn" Val="implementation"/>
        <Attr Name="UsedIn" Val="simulation"/>
      </FileInfo>
    </File>
    <File Path="$PSRCDIR/sources_1/imports/hdl_cores/uart/raminfr.v">
      <FileInfo>
        <Attr Name="ImportPath" Val="D:/OneDrive/OneDrive - University of Florida/SoC Compiler Tool/AXI SoC/CEP-master-Copy/CEP-master/hdl_cores/uart/raminfr.v"/>
        <Attr Name="ImportTime" Val="1544558157"/>
        <Attr Name="UsedIn" Val="synthesis"/>
        <Attr Name="UsedIn" Val="implementation"/>
        <Attr Name="UsedIn" Val="simulation"/>
      </FileInfo>
    </File>
    <File Path="$PSRCDIR/sources_1/imports/hdl_cores/aes/round.v">
      <FileInfo>
        <Attr Name="ImportPath" Val="D:/OneDrive/OneDrive - University of Florida/SoC Compiler Tool/AXI SoC/CEP-master-Copy/CEP-master/hdl_cores/aes/round.v"/>
        <Attr Name="ImportTime" Val="1544558157"/>
        <Attr Name="UsedIn" Val="synthesis"/>
        <Attr Name="UsedIn" Val="implementation"/>
        <Attr Name="UsedIn" Val="simulation"/>
      </FileInfo>
    </File>
    <File Path="$PSRCDIR/sources_1/imports/hdl_cores/des3/sbox1.v">
      <FileInfo>
        <Attr Name="ImportPath" Val="D:/OneDrive/OneDrive - University of Florida/SoC Compiler Tool/AXI SoC/CEP-master-Copy/CEP-master/hdl_cores/des3/sbox1.v"/>
        <Attr Name="ImportTime" Val="1544558157"/>
        <Attr Name="UsedIn" Val="synthesis"/>
        <Attr Name="UsedIn" Val="implementation"/>
        <Attr Name="UsedIn" Val="simulation"/>
      </FileInfo>
    </File>
    <File Path="$PSRCDIR/sources_1/imports/hdl_cores/des3/sbox2.v">
      <FileInfo>
        <Attr Name="ImportPath" Val="D:/OneDrive/OneDrive - University of Florida/SoC Compiler Tool/AXI SoC/CEP-master-Copy/CEP-master/hdl_cores/des3/sbox2.v"/>
        <Attr Name="ImportTime" Val="1544558157"/>
        <Attr Name="UsedIn" Val="synthesis"/>
        <Attr Name="UsedIn" Val="implementation"/>
        <Attr Name="UsedIn" Val="simulation"/>
      </FileInfo>
    </File>
    <File Path="$PSRCDIR/sources_1/imports/hdl_cores/des3/sbox3.v">
      <FileInfo>
        <Attr Name="ImportPath" Val="D:/OneDrive/OneDrive - University of Florida/SoC Compiler Tool/AXI SoC/CEP-master-Copy/CEP-master/hdl_cores/des3/sbox3.v"/>
        <Attr Name="ImportTime" Val="1544558157"/>
        <Attr Name="UsedIn" Val="synthesis"/>
        <Attr Name="UsedIn" Val="implementation"/>
        <Attr Name="UsedIn" Val="simulation"/>
      </FileInfo>
    </File>
    <File Path="$PSRCDIR/sources_1/imports/hdl_cores/des3/sbox4.v">
      <FileInfo>
        <Attr Name="ImportPath" Val="D:/OneDrive/OneDrive - University of Florida/SoC Compiler Tool/AXI SoC/CEP-master-Copy/CEP-master/hdl_cores/des3/sbox4.v"/>
        <Attr Name="ImportTime" Val="1544558157"/>
        <Attr Name="UsedIn" Val="synthesis"/>
        <Attr Name="UsedIn" Val="implementation"/>
        <Attr Name="UsedIn" Val="simulation"/>
      </FileInfo>
    </File>
    <File Path="$PSRCDIR/sources_1/imports/hdl_cores/des3/sbox5.v">
      <FileInfo>
        <Attr Name="ImportPath" Val="D:/OneDrive/OneDrive - University of Florida/SoC Compiler Tool/AXI SoC/CEP-master-Copy/CEP-master/hdl_cores/des3/sbox5.v"/>
        <Attr Name="ImportTime" Val="1544558157"/>
        <Attr Name="UsedIn" Val="synthesis"/>
        <Attr Name="UsedIn" Val="implementation"/>
        <Attr Name="UsedIn" Val="simulation"/>
      </FileInfo>
    </File>
    <File Path="$PSRCDIR/sources_1/imports/hdl_cores/des3/sbox6.v">
      <FileInfo>
        <Attr Name="ImportPath" Val="D:/OneDrive/OneDrive - University of Florida/SoC Compiler Tool/AXI SoC/CEP-master-Copy/CEP-master/hdl_cores/des3/sbox6.v"/>
        <Attr Name="ImportTime" Val="1544558157"/>
        <Attr Name="UsedIn" Val="synthesis"/>
        <Attr Name="UsedIn" Val="implementation"/>
        <Attr Name="UsedIn" Val="simulation"/>
      </FileInfo>
    </File>
    <File Path="$PSRCDIR/sources_1/imports/hdl_cores/des3/sbox7.v">
      <FileInfo>
        <Attr Name="ImportPath" Val="D:/OneDrive/OneDrive - University of Florida/SoC Compiler Tool/AXI SoC/CEP-master-Copy/CEP-master/hdl_cores/des3/sbox7.v"/>
        <Attr Name="ImportTime" Val="1544558157"/>
        <Attr Name="UsedIn" Val="synthesis"/>
        <Attr Name="UsedIn" Val="implementation"/>
        <Attr Name="UsedIn" Val="simulation"/>
      </FileInfo>
    </File>
    <File Path="$PSRCDIR/sources_1/imports/hdl_cores/des3/sbox8.v">
      <FileInfo>
        <Attr Name="ImportPath" Val="D:/OneDrive/OneDrive - University of Florida/SoC Compiler Tool/AXI SoC/CEP-master-Copy/CEP-master/hdl_cores/des3/sbox8.v"/>
        <Attr Name="ImportTime" Val="1544558157"/>
        <Attr Name="UsedIn" Val="synthesis"/>
        <Attr Name="UsedIn" Val="implementation"/>
        <Attr Name="UsedIn" Val="simulation"/>
      </FileInfo>
    </File>
    <File Path="$PSRCDIR/sources_1/imports/hdl_cores/sha256/sha256.v">
      <FileInfo>
        <Attr Name="ImportPath" Val="D:/OneDrive/OneDrive - University of Florida/SoC Compiler Tool/AXI SoC/CEP-master-Copy/CEP-master/hdl_cores/sha256/sha256.v"/>
        <Attr Name="ImportTime" Val="1544558157"/>
        <Attr Name="UsedIn" Val="synthesis"/>
        <Attr Name="UsedIn" Val="implementation"/>
        <Attr Name="UsedIn" Val="simulation"/>
      </FileInfo>
    </File>
    <File Path="$PSRCDIR/sources_1/imports/hdl_cores/sha256/sha256_k_constants.v">
      <FileInfo>
        <Attr Name="ImportPath" Val="D:/OneDrive/OneDrive - University of Florida/SoC Compiler Tool/AXI SoC/CEP-master-Copy/CEP-master/hdl_cores/sha256/sha256_k_constants.v"/>
        <Attr Name="ImportTime" Val="1544558157"/>
        <Attr Name="UsedIn" Val="synthesis"/>
        <Attr Name="UsedIn" Val="implementation"/>
        <Attr Name="UsedIn" Val="simulation"/>
      </FileInfo>
    </File>
    <File Path="$PSRCDIR/sources_1/imports/hdl_cores/sha256/sha256_top.v">
      <FileInfo>
        <Attr Name="ImportPath" Val="D:/OneDrive/OneDrive - University of Florida/SoC Compiler Tool/AXI SoC/CEP-master-Copy/CEP-master/hdl_cores/sha256/sha256_top.v"/>
        <Attr Name="ImportTime" Val="1544558157"/>
        <Attr Name="UsedIn" Val="synthesis"/>
        <Attr Name="UsedIn" Val="implementation"/>
        <Attr Name="UsedIn" Val="simulation"/>
      </FileInfo>
    </File>
    <File Path="$PSRCDIR/sources_1/imports/hdl_cores/sha256/sha256_w_mem.v">
      <FileInfo>
        <Attr Name="ImportPath" Val="D:/OneDrive/OneDrive - University of Florida/SoC Compiler Tool/AXI SoC/CEP-master-Copy/CEP-master/hdl_cores/sha256/sha256_w_mem.v"/>
        <Attr Name="ImportTime" Val="1544558157"/>
        <Attr Name="UsedIn" Val="synthesis"/>
        <Attr Name="UsedIn" Val="implementation"/>
        <Attr Name="UsedIn" Val="simulation"/>
      </FileInfo>
    </File>
    <File Path="$PSRCDIR/sources_1/imports/hdl_cores/aes/table.v">
      <FileInfo>
        <Attr Name="ImportPath" Val="D:/OneDrive/OneDrive - University of Florida/SoC Compiler Tool/AXI SoC/CEP-master-Copy/CEP-master/hdl_cores/aes/table.v"/>
        <Attr Name="ImportTime" Val="1544558157"/>
        <Attr Name="UsedIn" Val="synthesis"/>
        <Attr Name="UsedIn" Val="implementation"/>
        <Attr Name="UsedIn" Val="simulation"/>
      </FileInfo>
    </File>
    <File Path="$PSRCDIR/sources_1/imports/hdl_cores/uart/uart_defines.v">
      <FileInfo SFType="VHeader">
        <Attr Name="ImportPath" Val="D:/OneDrive/OneDrive - University of Florida/SoC Compiler Tool/AXI SoC/CEP-master-Copy/CEP-master/hdl_cores/uart/uart_defines.v"/>
        <Attr Name="ImportTime" Val="1544558157"/>
        <Attr Name="UsedIn" Val="synthesis"/>
        <Attr Name="UsedIn" Val="simulation"/>
      </FileInfo>
    </File>
    <File Path="$PSRCDIR/sources_1/imports/hdl_cores/uart/uart_receiver.v">
      <FileInfo>
        <Attr Name="ImportPath" Val="D:/OneDrive/OneDrive - University of Florida/SoC Compiler Tool/AXI SoC/CEP-master-Copy/CEP-master/hdl_cores/uart/uart_receiver.v"/>
        <Attr Name="ImportTime" Val="1544558157"/>
        <Attr Name="UsedIn" Val="synthesis"/>
        <Attr Name="UsedIn" Val="implementation"/>
        <Attr Name="UsedIn" Val="simulation"/>
      </FileInfo>
    </File>
    <File Path="$PSRCDIR/sources_1/imports/hdl_cores/uart/uart_regs.v">
      <FileInfo>
        <Attr Name="ImportPath" Val="D:/OneDrive/OneDrive - University of Florida/SoC Compiler Tool/AXI SoC/CEP-master-Copy/CEP-master/hdl_cores/uart/uart_regs.v"/>
        <Attr Name="ImportTime" Val="1544558157"/>
        <Attr Name="UsedIn" Val="synthesis"/>
        <Attr Name="UsedIn" Val="implementation"/>
        <Attr Name="UsedIn" Val="simulation"/>
      </FileInfo>
    </File>
    <File Path="$PSRCDIR/sources_1/imports/hdl_cores/uart/uart_rfifo.v">
      <FileInfo>
        <Attr Name="ImportPath" Val="D:/OneDrive/OneDrive - University of Florida/SoC Compiler Tool/AXI SoC/CEP-master-Copy/CEP-master/hdl_cores/uart/uart_rfifo.v"/>
        <Attr Name="ImportTime" Val="1544558157"/>
        <Attr Name="UsedIn" Val="synthesis"/>
        <Attr Name="UsedIn" Val="implementation"/>
        <Attr Name="UsedIn" Val="simulation"/>
      </FileInfo>
    </File>
    <File Path="$PSRCDIR/sources_1/imports/hdl_cores/uart/uart_sync_flops.v">
      <FileInfo>
        <Attr Name="ImportPath" Val="D:/OneDrive/OneDrive - University of Florida/SoC Compiler Tool/AXI SoC/CEP-master-Copy/CEP-master/hdl_cores/uart/uart_sync_flops.v"/>
        <Attr Name="ImportTime" Val="1544558157"/>
        <Attr Name="UsedIn" Val="synthesis"/>
        <Attr Name="UsedIn" Val="implementation"/>
        <Attr Name="UsedIn" Val="simulation"/>
      </FileInfo>
    </File>
    <File Path="$PSRCDIR/sources_1/imports/hdl_cores/uart/uart_tfifo.v">
      <FileInfo>
        <Attr Name="ImportPath" Val="D:/OneDrive/OneDrive - University of Florida/SoC Compiler Tool/AXI SoC/CEP-master-Copy/CEP-master/hdl_cores/uart/uart_tfifo.v"/>
        <Attr Name="ImportTime" Val="1544558157"/>
        <Attr Name="UsedIn" Val="synthesis"/>
        <Attr Name="UsedIn" Val="implementation"/>
        <Attr Name="UsedIn" Val="simulation"/>
      </FileInfo>
    </File>
    <File Path="$PSRCDIR/sources_1/imports/hdl_cores/uart/uart_top.v">
      <FileInfo>
        <Attr Name="ImportPath" Val="D:/OneDrive/OneDrive - University of Florida/SoC Compiler Tool/AXI SoC/CEP-master-Copy/CEP-master/hdl_cores/uart/uart_top.v"/>
        <Attr Name="ImportTime" Val="1544558157"/>
        <Attr Name="UsedIn" Val="synthesis"/>
        <Attr Name="UsedIn" Val="implementation"/>
        <Attr Name="UsedIn" Val="simulation"/>
      </FileInfo>
    </File>
    <File Path="$PSRCDIR/sources_1/imports/hdl_cores/uart/uart_transmitter.v">
      <FileInfo>
        <Attr Name="ImportPath" Val="D:/OneDrive/OneDrive - University of Florida/SoC Compiler Tool/AXI SoC/CEP-master-Copy/CEP-master/hdl_cores/uart/uart_transmitter.v"/>
        <Attr Name="ImportTime" Val="1544558157"/>
        <Attr Name="UsedIn" Val="synthesis"/>
        <Attr Name="UsedIn" Val="implementation"/>
        <Attr Name="UsedIn" Val="simulation"/>
      </FileInfo>
    </File>
    <File Path="$PSRCDIR/sources_1/imports/hdl_cores/uart/uart_wb.v">
      <FileInfo>
        <Attr Name="ImportPath" Val="D:/OneDrive/OneDrive - University of Florida/SoC Compiler Tool/AXI SoC/CEP-master-Copy/CEP-master/hdl_cores/uart/uart_wb.v"/>
        <Attr Name="ImportTime" Val="1544558157"/>
        <Attr Name="UsedIn" Val="synthesis"/>
        <Attr Name="UsedIn" Val="implementation"/>
        <Attr Name="UsedIn" Val="simulation"/>
      </FileInfo>
    </File>
    <File Path="$PSRCDIR/sources_1/imports/ram/wbram.v">
      <FileInfo>
        <Attr Name="ImportPath" Val="$PPRDIR/../axi_soc/RTL/ram/wbram.v"/>
        <Attr Name="ImportTime" Val="1583646572"/>
        <Attr Name="UsedIn" Val="synthesis"/>
        <Attr Name="UsedIn" Val="implementation"/>
        <Attr Name="UsedIn" Val="simulation"/>
      </FileInfo>
    </File>
    <File Path="$PSRCDIR/sources_1/imports/hdl_cores/aes/aes_top_axi4lite.sv">
      <FileInfo>
        <Attr Name="ImportPath" Val="D:/OneDrive/OneDrive - University of Florida/SoC Compiler Tool/AXI SoC/CEP-master-Copy/CEP-master/hdl_cores/aes/aes_top_axi4lite.sv"/>
        <Attr Name="ImportTime" Val="1544558157"/>
        <Attr Name="UsedIn" Val="synthesis"/>
        <Attr Name="UsedIn" Val="implementation"/>
        <Attr Name="UsedIn" Val="simulation"/>
      </FileInfo>
    </File>
    <File Path="$PSRCDIR/sources_1/imports/src/axi_address_resolver.sv">
      <FileInfo>
        <Attr Name="ImportPath" Val="D:/OneDrive/OneDrive - University of Florida/SoC Compiler Tool/AXI SoC/axi-master-Copy/axi-master/src/axi_address_resolver.sv"/>
        <Attr Name="ImportTime" Val="1559042574"/>
        <Attr Name="UsedIn" Val="synthesis"/>
        <Attr Name="UsedIn" Val="implementation"/>
        <Attr Name="UsedIn" Val="simulation"/>
      </FileInfo>
    </File>
    <File Path="$PSRCDIR/sources_1/imports/src/axi_arbiter.sv">
      <FileInfo>
        <Attr Name="ImportPath" Val="D:/OneDrive/OneDrive - University of Florida/SoC Compiler Tool/AXI SoC/axi-master-Copy/axi-master/src/axi_arbiter.sv"/>
        <Attr Name="ImportTime" Val="1559042574"/>
        <Attr Name="UsedIn" Val="synthesis"/>
        <Attr Name="UsedIn" Val="implementation"/>
        <Attr Name="UsedIn" Val="simulation"/>
      </FileInfo>
    </File>
    <File Path="$PSRCDIR/sources_1/imports/src/axi_pkg.sv">
      <FileInfo>
        <Attr Name="ImportPath" Val="D:/OneDrive/OneDrive - University of Florida/SoC Compiler Tool/AXI SoC/axi-master-Copy/axi-master/src/axi_pkg.sv"/>
        <Attr Name="ImportTime" Val="1559042574"/>
        <Attr Name="UsedIn" Val="synthesis"/>
        <Attr Name="UsedIn" Val="implementation"/>
        <Attr Name="UsedIn" Val="simulation"/>
      </FileInfo>
    </File>
    <File Path="$PSRCDIR/sources_1/imports/src/axi_intf.sv">
      <FileInfo>
        <Attr Name="ImportPath" Val="D:/OneDrive/OneDrive - University of Florida/SoC Compiler Tool/AXI SoC/axi-master-Copy/axi-master/src/axi_intf.sv"/>
        <Attr Name="ImportTime" Val="1559042574"/>
        <Attr Name="UsedIn" Val="synthesis"/>
        <Attr Name="UsedIn" Val="implementation"/>
        <Attr Name="UsedIn" Val="simulation"/>
      </FileInfo>
    </File>
    <File Path="$PSRCDIR/sources_1/imports/src/axi_lite_xbar.sv">
      <FileInfo>
        <Attr Name="ImportPath" Val="D:/OneDrive/OneDrive - University of Florida/SoC Compiler Tool/AXI SoC/axi-master-Copy/axi-master/src/axi_lite_xbar.sv"/>
        <Attr Name="ImportTime" Val="1559042574"/>
        <Attr Name="UsedIn" Val="synthesis"/>
        <Attr Name="UsedIn" Val="implementation"/>
        <Attr Name="UsedIn" Val="simulation"/>
      </FileInfo>
    </File>
    <File Path="$PSRCDIR/sources_1/imports/hdl_cores/des3/des3_top_axi4lite.sv">
      <FileInfo>
        <Attr Name="ImportPath" Val="D:/OneDrive/OneDrive - University of Florida/SoC Compiler Tool/AXI SoC/CEP-master-Copy/CEP-master/hdl_cores/des3/des3_top_axi4lite.sv"/>
        <Attr Name="ImportTime" Val="1544558157"/>
        <Attr Name="UsedIn" Val="synthesis"/>
        <Attr Name="UsedIn" Val="implementation"/>
        <Attr Name="UsedIn" Val="simulation"/>
      </FileInfo>
    </File>
    <File Path="$PSRCDIR/sources_1/imports/hdl_cores/dsp/dft/dft_top_axi4lite.sv">
      <FileInfo>
        <Attr Name="ImportPath" Val="D:/OneDrive/OneDrive - University of Florida/SoC Compiler Tool/AXI SoC/CEP-master-Copy/CEP-master/hdl_cores/dsp/dft/dft_top_axi4lite.sv"/>
        <Attr Name="ImportTime" Val="1544558157"/>
        <Attr Name="UsedIn" Val="synthesis"/>
        <Attr Name="UsedIn" Val="implementation"/>
        <Attr Name="UsedIn" Val="simulation"/>
      </FileInfo>
    </File>
    <File Path="$PSRCDIR/sources_1/imports/hdl_cores/dsp/fir/fir_top_axi4lite.sv">
      <FileInfo>
        <Attr Name="ImportPath" Val="D:/OneDrive/OneDrive - University of Florida/SoC Compiler Tool/AXI SoC/CEP-master-Copy/CEP-master/hdl_cores/dsp/fir/fir_top_axi4lite.sv"/>
        <Attr Name="ImportTime" Val="1544558157"/>
        <Attr Name="UsedIn" Val="synthesis"/>
        <Attr Name="UsedIn" Val="implementation"/>
        <Attr Name="UsedIn" Val="simulation"/>
      </FileInfo>
    </File>
    <File Path="$PSRCDIR/sources_1/imports/hdl_cores/dsp/idft/idft_top_axi4lite.sv">
      <FileInfo>
        <Attr Name="ImportPath" Val="D:/OneDrive/OneDrive - University of Florida/SoC Compiler Tool/AXI SoC/CEP-master-Copy/CEP-master/hdl_cores/dsp/idft/idft_top_axi4lite.sv"/>
        <Attr Name="ImportTime" Val="1544558157"/>
        <Attr Name="UsedIn" Val="synthesis"/>
        <Attr Name="UsedIn" Val="implementation"/>
        <Attr Name="UsedIn" Val="simulation"/>
      </FileInfo>
    </File>
    <File Path="$PSRCDIR/sources_1/imports/hdl_cores/dsp/iir/iir_top_axi4lite.sv">
      <FileInfo>
        <Attr Name="ImportPath" Val="D:/OneDrive/OneDrive - University of Florida/SoC Compiler Tool/AXI SoC/CEP-master-Copy/CEP-master/hdl_cores/dsp/iir/iir_top_axi4lite.sv"/>
        <Attr Name="ImportTime" Val="1544558157"/>
        <Attr Name="UsedIn" Val="synthesis"/>
        <Attr Name="UsedIn" Val="implementation"/>
        <Attr Name="UsedIn" Val="simulation"/>
      </FileInfo>
    </File>
    <File Path="$PSRCDIR/sources_1/imports/hdl_cores/md5/md5_top_axi4lite.sv">
      <FileInfo>
        <Attr Name="ImportPath" Val="D:/OneDrive/OneDrive - University of Florida/SoC Compiler Tool/AXI SoC/CEP-master-Copy/CEP-master/hdl_cores/md5/md5_top_axi4lite.sv"/>
        <Attr Name="ImportTime" Val="1544558157"/>
        <Attr Name="UsedIn" Val="synthesis"/>
        <Attr Name="UsedIn" Val="implementation"/>
        <Attr Name="UsedIn" Val="simulation"/>
      </FileInfo>
    </File>
    <File Path="$PSRCDIR/sources_1/imports/top/picorv32_top_axi4lite.sv">
      <FileInfo>
        <Attr Name="ImportPath" Val="D:/OneDrive/OneDrive - University of Florida/Xilinx/Test_m_7.23.2019/Test_m_7.23.2019.srcs/sources_1/imports/top/picorv32_top_axi4lite.sv"/>
        <Attr Name="ImportTime" Val="1564018506"/>
        <Attr Name="UsedIn" Val="synthesis"/>
        <Attr Name="UsedIn" Val="implementation"/>
        <Attr Name="UsedIn" Val="simulation"/>
      </FileInfo>
    </File>
    <File Path="$PSRCDIR/sources_1/imports/hdl_cores/sha256/sha256_top_axi4lite.sv">
      <FileInfo>
        <Attr Name="ImportPath" Val="D:/OneDrive/OneDrive - University of Florida/SoC Compiler Tool/AXI SoC/CEP-master-Copy/CEP-master/hdl_cores/sha256/sha256_top_axi4lite.sv"/>
        <Attr Name="ImportTime" Val="1544558157"/>
        <Attr Name="UsedIn" Val="synthesis"/>
        <Attr Name="UsedIn" Val="implementation"/>
        <Attr Name="UsedIn" Val="simulation"/>
      </FileInfo>
    </File>
    <File Path="$PSRCDIR/sources_1/imports/hdl_cores/uart/uart_top_axi4lite.sv">
      <FileInfo>
        <Attr Name="ImportPath" Val="D:/OneDrive/OneDrive - University of Florida/SoC Compiler Tool/AXI SoC/CEP-master-Copy/CEP-master/hdl_cores/uart/uart_top_axi4lite.sv"/>
        <Attr Name="ImportTime" Val="1544558157"/>
        <Attr Name="UsedIn" Val="synthesis"/>
        <Attr Name="UsedIn" Val="implementation"/>
        <Attr Name="UsedIn" Val="simulation"/>
      </FileInfo>
    </File>
    <File Path="$PSRCDIR/sources_1/imports/ram/wbram_top_axi4lite.sv">
      <FileInfo>
        <Attr Name="ImportPath" Val="$PPRDIR/../axi_soc/RTL/ram/wbram_top_axi4lite.sv"/>
        <Attr Name="ImportTime" Val="1584577618"/>
        <Attr Name="UsedIn" Val="synthesis"/>
        <Attr Name="UsedIn" Val="implementation"/>
        <Attr Name="UsedIn" Val="simulation"/>
      </FileInfo>
    </File>
    <File Path="$PSRCDIR/sources_1/imports/hdl_cores/bonfire_axi4l2wb/bonfire_axi4l2wb.vhd">
      <FileInfo>
        <Attr Name="ImportPath" Val="D:/OneDrive/OneDrive - University of Florida/SoC Compiler Tool/AXI SoC/CEP-master-Copy/CEP-master/hdl_cores/bonfire_axi4l2wb/bonfire_axi4l2wb.vhd"/>
        <Attr Name="ImportTime" Val="1544558157"/>
        <Attr Name="UsedIn" Val="synthesis"/>
        <Attr Name="UsedIn" Val="simulation"/>
      </FileInfo>
    </File>
    <File Path="$PSRCDIR/sources_1/imports/top/orpsoc-defines.sv">
      <FileInfo SFType="VHeader">
        <Attr Name="ImportPath" Val="D:/OneDrive/OneDrive - University of Florida/SoC Compiler Tool/AXI SoC/CEP-master-Copy/CEP-master/hdl_cores/top/orpsoc-defines.sv"/>
        <Attr Name="ImportTime" Val="1544558157"/>
        <Attr Name="UsedIn" Val="synthesis"/>
        <Attr Name="UsedIn" Val="simulation"/>
      </FileInfo>
    </File>
    <File Path="$PSRCDIR/sources_1/imports/top/axi_soc.sv">
      <FileInfo>
        <Attr Name="UsedIn" Val="synthesis"/>
        <Attr Name="UsedIn" Val="implementation"/>
        <Attr Name="UsedIn" Val="simulation"/>
      </FileInfo>
    </File>
    <File Path="$PSRCDIR/sources_1/imports/hdl_cores/ram/ram_wb.v">
      <FileInfo>
        <Attr Name="AutoDisabled" Val="1"/>
        <Attr Name="ImportPath" Val="D:/OneDrive/OneDrive - University of Florida/Xilinx/Test_m_7.23.2019/Test_m_7.23.2019.srcs/sources_1/imports/hdl_cores/ram/ram_wb.v"/>
        <Attr Name="ImportTime" Val="1565871626"/>
        <Attr Name="UsedIn" Val="synthesis"/>
        <Attr Name="UsedIn" Val="implementation"/>
        <Attr Name="UsedIn" Val="simulation"/>
      </FileInfo>
    </File>
    <File Path="$PSRCDIR/sources_1/imports/hdl_cores/rsa/tb_modexp.v">
      <FileInfo>
        <Attr Name="AutoDisabled" Val="1"/>
        <Attr Name="ImportPath" Val="D:/OneDrive/OneDrive - University of Florida/SoC Compiler Tool/AXI SoC/CEP-master-Copy/CEP-master/hdl_cores/rsa/tb_modexp.v"/>
        <Attr Name="ImportTime" Val="1544558157"/>
        <Attr Name="UsedIn" Val="synthesis"/>
        <Attr Name="UsedIn" Val="implementation"/>
        <Attr Name="UsedIn" Val="simulation"/>
      </FileInfo>
    </File>
    <File Path="$PSRCDIR/sources_1/imports/dsp/iir/iir_top_axi4lite.sv">
      <FileInfo>
        <Attr Name="AutoDisabled" Val="1"/>
        <Attr Name="ImportPath" Val="D:/OneDrive/OneDrive - University of Florida/SoC Compiler Tool/AXI SoC/CEP-master-Copy/CEP-master/hdl_cores/dsp/iir/iir_top_axi4lite.sv"/>
        <Attr Name="ImportTime" Val="1544558157"/>
        <Attr Name="UsedIn" Val="synthesis"/>
        <Attr Name="UsedIn" Val="implementation"/>
        <Attr Name="UsedIn" Val="simulation"/>
      </FileInfo>
    </File>
    <File Path="$PSRCDIR/sources_1/imports/dsp/iir/iir_top.v">
      <FileInfo>
        <Attr Name="AutoDisabled" Val="1"/>
        <Attr Name="ImportPath" Val="D:/OneDrive/OneDrive - University of Florida/SoC Compiler Tool/AXI SoC/CEP-master-Copy/CEP-master/hdl_cores/dsp/iir/iir_top.v"/>
        <Attr Name="ImportTime" Val="1544558157"/>
        <Attr Name="UsedIn" Val="synthesis"/>
        <Attr Name="UsedIn" Val="implementation"/>
        <Attr Name="UsedIn" Val="simulation"/>
      </FileInfo>
    </File>
    <File Path="$PSRCDIR/sources_1/imports/dsp/idft/idft_top_top.v">
      <FileInfo>
        <Attr Name="AutoDisabled" Val="1"/>
        <Attr Name="ImportPath" Val="D:/OneDrive/OneDrive - University of Florida/SoC Compiler Tool/AXI SoC/CEP-master-Copy/CEP-master/hdl_cores/dsp/idft/idft_top_top.v"/>
        <Attr Name="ImportTime" Val="1544558157"/>
        <Attr Name="UsedIn" Val="synthesis"/>
        <Attr Name="UsedIn" Val="implementation"/>
        <Attr Name="UsedIn" Val="simulation"/>
      </FileInfo>
    </File>
    <File Path="$PSRCDIR/sources_1/imports/dsp/idft/idft_top_axi4lite.sv">
      <FileInfo>
        <Attr Name="AutoDisabled" Val="1"/>
        <Attr Name="ImportPath" Val="D:/OneDrive/OneDrive - University of Florida/SoC Compiler Tool/AXI SoC/CEP-master-Copy/CEP-master/hdl_cores/dsp/idft/idft_top_axi4lite.sv"/>
        <Attr Name="ImportTime" Val="1544558157"/>
        <Attr Name="UsedIn" Val="synthesis"/>
        <Attr Name="UsedIn" Val="implementation"/>
        <Attr Name="UsedIn" Val="simulation"/>
      </FileInfo>
    </File>
    <File Path="$PSRCDIR/sources_1/imports/dsp/fir/fir_top_axi4lite.sv">
      <FileInfo>
        <Attr Name="AutoDisabled" Val="1"/>
        <Attr Name="ImportPath" Val="D:/OneDrive/OneDrive - University of Florida/SoC Compiler Tool/AXI SoC/CEP-master-Copy/CEP-master/hdl_cores/dsp/fir/fir_top_axi4lite.sv"/>
        <Attr Name="ImportTime" Val="1544558157"/>
        <Attr Name="UsedIn" Val="synthesis"/>
        <Attr Name="UsedIn" Val="implementation"/>
        <Attr Name="UsedIn" Val="simulation"/>
      </FileInfo>
    </File>
    <File Path="$PSRCDIR/sources_1/imports/dsp/fir/fir_top.v">
      <FileInfo>
        <Attr Name="AutoDisabled" Val="1"/>
        <Attr Name="ImportPath" Val="D:/OneDrive/OneDrive - University of Florida/SoC Compiler Tool/AXI SoC/CEP-master-Copy/CEP-master/hdl_cores/dsp/fir/fir_top.v"/>
        <Attr Name="ImportTime" Val="1544558157"/>
        <Attr Name="UsedIn" Val="synthesis"/>
        <Attr Name="UsedIn" Val="implementation"/>
        <Attr Name="UsedIn" Val="simulation"/>
      </FileInfo>
    </File>
    <File Path="$PSRCDIR/sources_1/imports/dsp/dft/dft_top_top.v">
      <FileInfo>
        <Attr Name="AutoDisabled" Val="1"/>
        <Attr Name="ImportPath" Val="D:/OneDrive/OneDrive - University of Florida/SoC Compiler Tool/AXI SoC/CEP-master-Copy/CEP-master/hdl_cores/dsp/dft/dft_top_top.v"/>
        <Attr Name="ImportTime" Val="1544558157"/>
        <Attr Name="UsedIn" Val="synthesis"/>
        <Attr Name="UsedIn" Val="implementation"/>
        <Attr Name="UsedIn" Val="simulation"/>
      </FileInfo>
    </File>
    <File Path="$PSRCDIR/sources_1/imports/dsp/dft/dft_top_axi4lite.sv">
      <FileInfo>
        <Attr Name="AutoDisabled" Val="1"/>
        <Attr Name="ImportPath" Val="D:/OneDrive/OneDrive - University of Florida/SoC Compiler Tool/AXI SoC/CEP-master-Copy/CEP-master/hdl_cores/dsp/dft/dft_top_axi4lite.sv"/>
        <Attr Name="ImportTime" Val="1544558157"/>
        <Attr Name="UsedIn" Val="synthesis"/>
        <Attr Name="UsedIn" Val="implementation"/>
        <Attr Name="UsedIn" Val="simulation"/>
      </FileInfo>
    </File>
    <File Path="$PSRCDIR/sources_1/imports/hdl_cores/rsa/rtl/adder.v">
      <FileInfo>
        <Attr Name="AutoDisabled" Val="1"/>
        <Attr Name="ImportPath" Val="D:/OneDrive/OneDrive - University of Florida/SoC Compiler Tool/AXI SoC/CEP-master-Copy/CEP-master/hdl_cores/rsa/rtl/adder.v"/>
        <Attr Name="ImportTime" Val="1544558157"/>
        <Attr Name="UsedIn" Val="synthesis"/>
        <Attr Name="UsedIn" Val="implementation"/>
        <Attr Name="UsedIn" Val="simulation"/>
      </FileInfo>
    </File>
    <File Path="$PSRCDIR/sources_1/imports/hdl_cores/aes/aes_128.v">
      <FileInfo>
        <Attr Name="AutoDisabled" Val="1"/>
        <Attr Name="ImportPath" Val="D:/OneDrive/OneDrive - University of Florida/SoC Compiler Tool/AXI SoC/CEP-master-Copy/CEP-master/hdl_cores/aes/aes_128.v"/>
        <Attr Name="ImportTime" Val="1544558157"/>
        <Attr Name="UsedIn" Val="synthesis"/>
        <Attr Name="UsedIn" Val="implementation"/>
        <Attr Name="UsedIn" Val="simulation"/>
      </FileInfo>
    </File>
    <File Path="$PSRCDIR/sources_1/imports/hdl_cores/rsa/rtl/blockmem1r1w.v">
      <FileInfo>
        <Attr Name="AutoDisabled" Val="1"/>
        <Attr Name="ImportPath" Val="D:/OneDrive/OneDrive - University of Florida/SoC Compiler Tool/AXI SoC/CEP-master-Copy/CEP-master/hdl_cores/rsa/rtl/blockmem1r1w.v"/>
        <Attr Name="ImportTime" Val="1544558157"/>
        <Attr Name="UsedIn" Val="synthesis"/>
        <Attr Name="UsedIn" Val="implementation"/>
        <Attr Name="UsedIn" Val="simulation"/>
      </FileInfo>
    </File>
    <File Path="$PSRCDIR/sources_1/imports/hdl_cores/rsa/rtl/blockmem2r1w.v">
      <FileInfo>
        <Attr Name="AutoDisabled" Val="1"/>
        <Attr Name="ImportPath" Val="D:/OneDrive/OneDrive - University of Florida/SoC Compiler Tool/AXI SoC/CEP-master-Copy/CEP-master/hdl_cores/rsa/rtl/blockmem2r1w.v"/>
        <Attr Name="ImportTime" Val="1544558157"/>
        <Attr Name="UsedIn" Val="synthesis"/>
        <Attr Name="UsedIn" Val="implementation"/>
        <Attr Name="UsedIn" Val="simulation"/>
      </FileInfo>
    </File>
    <File Path="$PSRCDIR/sources_1/imports/hdl_cores/rsa/rtl/blockmem2r1wptr.v">
      <FileInfo>
        <Attr Name="AutoDisabled" Val="1"/>
        <Attr Name="ImportPath" Val="D:/OneDrive/OneDrive - University of Florida/SoC Compiler Tool/AXI SoC/CEP-master-Copy/CEP-master/hdl_cores/rsa/rtl/blockmem2r1wptr.v"/>
        <Attr Name="ImportTime" Val="1544558157"/>
        <Attr Name="UsedIn" Val="synthesis"/>
        <Attr Name="UsedIn" Val="implementation"/>
        <Attr Name="UsedIn" Val="simulation"/>
      </FileInfo>
    </File>
    <File Path="$PSRCDIR/sources_1/imports/hdl_cores/rsa/rtl/blockmem2rptr1w.v">
      <FileInfo>
        <Attr Name="AutoDisabled" Val="1"/>
        <Attr Name="ImportPath" Val="D:/OneDrive/OneDrive - University of Florida/SoC Compiler Tool/AXI SoC/CEP-master-Copy/CEP-master/hdl_cores/rsa/rtl/blockmem2rptr1w.v"/>
        <Attr Name="ImportTime" Val="1544558157"/>
        <Attr Name="UsedIn" Val="synthesis"/>
        <Attr Name="UsedIn" Val="implementation"/>
        <Attr Name="UsedIn" Val="simulation"/>
      </FileInfo>
    </File>
    <File Path="$PSRCDIR/sources_1/imports/hdl_cores/gps/cacode.v">
      <FileInfo>
        <Attr Name="AutoDisabled" Val="1"/>
        <Attr Name="ImportPath" Val="D:/OneDrive/OneDrive - University of Florida/SoC Compiler Tool/AXI SoC/CEP-master-Copy/CEP-master/hdl_cores/gps/cacode.v"/>
        <Attr Name="ImportTime" Val="1544558157"/>
        <Attr Name="UsedIn" Val="synthesis"/>
        <Attr Name="UsedIn" Val="implementation"/>
        <Attr Name="UsedIn" Val="simulation"/>
      </FileInfo>
    </File>
    <File Path="$PSRCDIR/sources_1/imports/hdl_cores/gps/cacode_test.v">
      <FileInfo>
        <Attr Name="AutoDisabled" Val="1"/>
        <Attr Name="ImportPath" Val="D:/OneDrive/OneDrive - University of Florida/SoC Compiler Tool/AXI SoC/CEP-master-Copy/CEP-master/hdl_cores/gps/cacode_test.v"/>
        <Attr Name="ImportTime" Val="1544558157"/>
        <Attr Name="UsedIn" Val="synthesis"/>
        <Attr Name="UsedIn" Val="implementation"/>
        <Attr Name="UsedIn" Val="simulation"/>
      </FileInfo>
    </File>
    <File Path="$PSRCDIR/sources_1/imports/hdl_cores/des3/des3_test_ao.v">
      <FileInfo>
        <Attr Name="AutoDisabled" Val="1"/>
        <Attr Name="ImportPath" Val="D:/OneDrive/OneDrive - University of Florida/SoC Compiler Tool/AXI SoC/CEP-master-Copy/CEP-master/hdl_cores/des3/des3_test_ao.v"/>
        <Attr Name="ImportTime" Val="1544558157"/>
        <Attr Name="UsedIn" Val="synthesis"/>
        <Attr Name="UsedIn" Val="implementation"/>
        <Attr Name="UsedIn" Val="simulation"/>
      </FileInfo>
    </File>
    <File Path="$PSRCDIR/sources_1/imports/hdl_cores/gps/gps.v">
      <FileInfo>
        <Attr Name="AutoDisabled" Val="1"/>
        <Attr Name="ImportPath" Val="D:/OneDrive/OneDrive - University of Florida/SoC Compiler Tool/AXI SoC/CEP-master-Copy/CEP-master/hdl_cores/gps/gps.v"/>
        <Attr Name="ImportTime" Val="1544558157"/>
        <Attr Name="UsedIn" Val="synthesis"/>
        <Attr Name="UsedIn" Val="implementation"/>
        <Attr Name="UsedIn" Val="simulation"/>
      </FileInfo>
    </File>
    <File Path="$PSRCDIR/sources_1/imports/hdl_cores/gps/gps_clkgen.v">
      <FileInfo>
        <Attr Name="AutoDisabled" Val="1"/>
        <Attr Name="ImportPath" Val="D:/OneDrive/OneDrive - University of Florida/SoC Compiler Tool/AXI SoC/CEP-master-Copy/CEP-master/hdl_cores/gps/gps_clkgen.v"/>
        <Attr Name="ImportTime" Val="1544558157"/>
        <Attr Name="UsedIn" Val="synthesis"/>
        <Attr Name="UsedIn" Val="implementation"/>
        <Attr Name="UsedIn" Val="simulation"/>
      </FileInfo>
    </File>
    <File Path="$PSRCDIR/sources_1/imports/hdl_cores/gps/gps_clkgen_test.v">
      <FileInfo>
        <Attr Name="AutoDisabled" Val="1"/>
        <Attr Name="ImportPath" Val="D:/OneDrive/OneDrive - University of Florida/SoC Compiler Tool/AXI SoC/CEP-master-Copy/CEP-master/hdl_cores/gps/gps_clkgen_test.v"/>
        <Attr Name="ImportTime" Val="1544558157"/>
        <Attr Name="UsedIn" Val="synthesis"/>
        <Attr Name="UsedIn" Val="implementation"/>
        <Attr Name="UsedIn" Val="simulation"/>
      </FileInfo>
    </File>
    <File Path="$PSRCDIR/sources_1/imports/hdl_cores/gps/gps_test.v">
      <FileInfo>
        <Attr Name="AutoDisabled" Val="1"/>
        <Attr Name="ImportPath" Val="D:/OneDrive/OneDrive - University of Florida/SoC Compiler Tool/AXI SoC/CEP-master-Copy/CEP-master/hdl_cores/gps/gps_test.v"/>
        <Attr Name="ImportTime" Val="1544558157"/>
        <Attr Name="UsedIn" Val="synthesis"/>
        <Attr Name="UsedIn" Val="implementation"/>
        <Attr Name="UsedIn" Val="simulation"/>
      </FileInfo>
    </File>
    <File Path="$PSRCDIR/sources_1/imports/hdl_cores/gps/gps_top.v">
      <FileInfo>
        <Attr Name="AutoDisabled" Val="1"/>
        <Attr Name="ImportPath" Val="D:/OneDrive/OneDrive - University of Florida/SoC Compiler Tool/AXI SoC/CEP-master-Copy/CEP-master/hdl_cores/gps/gps_top.v"/>
        <Attr Name="ImportTime" Val="1544558157"/>
        <Attr Name="UsedIn" Val="synthesis"/>
        <Attr Name="UsedIn" Val="implementation"/>
        <Attr Name="UsedIn" Val="simulation"/>
      </FileInfo>
    </File>
    <File Path="$PSRCDIR/sources_1/imports/hdl_cores/rsa/rtl/modexp.v">
      <FileInfo>
        <Attr Name="AutoDisabled" Val="1"/>
        <Attr Name="ImportPath" Val="D:/OneDrive/OneDrive - University of Florida/SoC Compiler Tool/AXI SoC/CEP-master-Copy/CEP-master/hdl_cores/rsa/rtl/modexp.v"/>
        <Attr Name="ImportTime" Val="1544558157"/>
        <Attr Name="UsedIn" Val="synthesis"/>
        <Attr Name="UsedIn" Val="implementation"/>
        <Attr Name="UsedIn" Val="simulation"/>
      </FileInfo>
    </File>
    <File Path="$PSRCDIR/sources_1/imports/hdl_cores/rsa/rtl/modexp_core.v">
      <FileInfo>
        <Attr Name="AutoDisabled" Val="1"/>
        <Attr Name="ImportPath" Val="D:/OneDrive/OneDrive - University of Florida/SoC Compiler Tool/AXI SoC/CEP-master-Copy/CEP-master/hdl_cores/rsa/rtl/modexp_core.v"/>
        <Attr Name="ImportTime" Val="1544558157"/>
        <Attr Name="UsedIn" Val="synthesis"/>
        <Attr Name="UsedIn" Val="implementation"/>
        <Attr Name="UsedIn" Val="simulation"/>
      </FileInfo>
    </File>
    <File Path="$PSRCDIR/sources_1/imports/hdl_cores/rsa/rtl/modexp_top.v">
      <FileInfo>
        <Attr Name="AutoDisabled" Val="1"/>
        <Attr Name="ImportPath" Val="D:/OneDrive/OneDrive - University of Florida/SoC Compiler Tool/AXI SoC/CEP-master-Copy/CEP-master/hdl_cores/rsa/rtl/modexp_top.v"/>
        <Attr Name="ImportTime" Val="1544558157"/>
        <Attr Name="UsedIn" Val="synthesis"/>
        <Attr Name="UsedIn" Val="implementation"/>
        <Attr Name="UsedIn" Val="simulation"/>
      </FileInfo>
    </File>
    <File Path="$PSRCDIR/sources_1/imports/hdl_cores/rsa/rtl/montprod.v">
      <FileInfo>
        <Attr Name="AutoDisabled" Val="1"/>
        <Attr Name="ImportPath" Val="D:/OneDrive/OneDrive - University of Florida/SoC Compiler Tool/AXI SoC/CEP-master-Copy/CEP-master/hdl_cores/rsa/rtl/montprod.v"/>
        <Attr Name="ImportTime" Val="1544558157"/>
        <Attr Name="UsedIn" Val="synthesis"/>
        <Attr Name="UsedIn" Val="implementation"/>
        <Attr Name="UsedIn" Val="simulation"/>
      </FileInfo>
    </File>
    <File Path="$PSRCDIR/sources_1/imports/hdl_cores/gps/pcode.v">
      <FileInfo>
        <Attr Name="AutoDisabled" Val="1"/>
        <Attr Name="ImportPath" Val="D:/OneDrive/OneDrive - University of Florida/SoC Compiler Tool/AXI SoC/CEP-master-Copy/CEP-master/hdl_cores/gps/pcode.v"/>
        <Attr Name="ImportTime" Val="1544558157"/>
        <Attr Name="UsedIn" Val="synthesis"/>
        <Attr Name="UsedIn" Val="implementation"/>
        <Attr Name="UsedIn" Val="simulation"/>
      </FileInfo>
    </File>
    <File Path="$PSRCDIR/sources_1/imports/hdl_cores/rsa/rtl/residue.v">
      <FileInfo>
        <Attr Name="AutoDisabled" Val="1"/>
        <Attr Name="ImportPath" Val="D:/OneDrive/OneDrive - University of Florida/SoC Compiler Tool/AXI SoC/CEP-master-Copy/CEP-master/hdl_cores/rsa/rtl/residue.v"/>
        <Attr Name="ImportTime" Val="1544558157"/>
        <Attr Name="UsedIn" Val="synthesis"/>
        <Attr Name="UsedIn" Val="implementation"/>
        <Attr Name="UsedIn" Val="simulation"/>
      </FileInfo>
    </File>
    <File Path="$PSRCDIR/sources_1/imports/hdl_cores/rsa/rtl/shl.v">
      <FileInfo>
        <Attr Name="AutoDisabled" Val="1"/>
        <Attr Name="ImportPath" Val="D:/OneDrive/OneDrive - University of Florida/SoC Compiler Tool/AXI SoC/CEP-master-Copy/CEP-master/hdl_cores/rsa/rtl/shl.v"/>
        <Attr Name="ImportTime" Val="1544558157"/>
        <Attr Name="UsedIn" Val="synthesis"/>
        <Attr Name="UsedIn" Val="implementation"/>
        <Attr Name="UsedIn" Val="simulation"/>
      </FileInfo>
    </File>
    <File Path="$PSRCDIR/sources_1/imports/hdl_cores/rsa/rtl/shr.v">
      <FileInfo>
        <Attr Name="AutoDisabled" Val="1"/>
        <Attr Name="ImportPath" Val="D:/OneDrive/OneDrive - University of Florida/SoC Compiler Tool/AXI SoC/CEP-master-Copy/CEP-master/hdl_cores/rsa/rtl/shr.v"/>
        <Attr Name="ImportTime" Val="1544558157"/>
        <Attr Name="UsedIn" Val="synthesis"/>
        <Attr Name="UsedIn" Val="implementation"/>
        <Attr Name="UsedIn" Val="simulation"/>
      </FileInfo>
    </File>
    <File Path="$PSRCDIR/sources_1/imports/hdl_cores/rsa/tb_modexp_orig.v">
      <FileInfo>
        <Attr Name="AutoDisabled" Val="1"/>
        <Attr Name="ImportPath" Val="D:/OneDrive/OneDrive - University of Florida/SoC Compiler Tool/AXI SoC/CEP-master-Copy/CEP-master/hdl_cores/rsa/tb_modexp_orig.v"/>
        <Attr Name="ImportTime" Val="1544558157"/>
        <Attr Name="UsedIn" Val="synthesis"/>
        <Attr Name="UsedIn" Val="implementation"/>
        <Attr Name="UsedIn" Val="simulation"/>
      </FileInfo>
    </File>
    <File Path="$PSRCDIR/sources_1/imports/hdl_cores/gps/tb_pcode.v">
      <FileInfo>
        <Attr Name="AutoDisabled" Val="1"/>
        <Attr Name="ImportPath" Val="D:/OneDrive/OneDrive - University of Florida/SoC Compiler Tool/AXI SoC/CEP-master-Copy/CEP-master/hdl_cores/gps/tb_pcode.v"/>
        <Attr Name="ImportTime" Val="1544558157"/>
        <Attr Name="UsedIn" Val="synthesis"/>
        <Attr Name="UsedIn" Val="implementation"/>
        <Attr Name="UsedIn" Val="simulation"/>
      </FileInfo>
    </File>
    <File Path="$PSRCDIR/sources_1/imports/hdl_cores/rsa/tb_top.v">
      <FileInfo>
        <Attr Name="AutoDisabled" Val="1"/>
        <Attr Name="ImportPath" Val="D:/OneDrive/OneDrive - University of Florida/SoC Compiler Tool/AXI SoC/CEP-master-Copy/CEP-master/hdl_cores/rsa/tb_top.v"/>
        <Attr Name="ImportTime" Val="1544558157"/>
        <Attr Name="UsedIn" Val="synthesis"/>
        <Attr Name="UsedIn" Val="implementation"/>
        <Attr Name="UsedIn" Val="simulation"/>
      </FileInfo>
    </File>
    <File Path="$PSRCDIR/sources_1/imports/hdl_cores/wb-axi/wb_to_axi4_bridge.v">
      <FileInfo>
        <Attr Name="AutoDisabled" Val="1"/>
        <Attr Name="ImportPath" Val="D:/OneDrive/OneDrive - University of Florida/SoC Compiler Tool/AXI SoC/CEP-master-Copy/CEP-master/hdl_cores/wb-axi/wb_to_axi4_bridge.v"/>
        <Attr Name="ImportTime" Val="1544558157"/>
        <Attr Name="UsedIn" Val="synthesis"/>
        <Attr Name="UsedIn" Val="implementation"/>
        <Attr Name="UsedIn" Val="simulation"/>
      </FileInfo>
    </File>
    <File Path="$PSRCDIR/sources_1/imports/hdl_cores/wb-axi/wb_to_axi4lite_bridge.v">
      <FileInfo>
        <Attr Name="AutoDisabled" Val="1"/>
        <Attr Name="ImportPath" Val="D:/OneDrive/OneDrive - University of Florida/SoC Compiler Tool/AXI SoC/CEP-master-Copy/CEP-master/hdl_cores/wb-axi/wb_to_axi4lite_bridge.v"/>
        <Attr Name="ImportTime" Val="1544558157"/>
        <Attr Name="UsedIn" Val="synthesis"/>
        <Attr Name="UsedIn" Val="implementation"/>
        <Attr Name="UsedIn" Val="simulation"/>
      </FileInfo>
    </File>
    <File Path="$PSRCDIR/sources_1/imports/src/axi_join.sv">
      <FileInfo>
        <Attr Name="AutoDisabled" Val="1"/>
        <Attr Name="ImportPath" Val="D:/OneDrive/OneDrive - University of Florida/SoC Compiler Tool/AXI SoC/axi-master-Copy/axi-master/src/axi_join.sv"/>
        <Attr Name="ImportTime" Val="1559042574"/>
        <Attr Name="UsedIn" Val="synthesis"/>
        <Attr Name="UsedIn" Val="implementation"/>
        <Attr Name="UsedIn" Val="simulation"/>
      </FileInfo>
    </File>
    <File Path="$PSRCDIR/sources_1/imports/src/axi_lite_join.sv">
      <FileInfo>
        <Attr Name="AutoDisabled" Val="1"/>
        <Attr Name="ImportPath" Val="D:/OneDrive/OneDrive - University of Florida/SoC Compiler Tool/AXI SoC/axi-master-Copy/axi-master/src/axi_lite_join.sv"/>
        <Attr Name="ImportTime" Val="1559042574"/>
        <Attr Name="UsedIn" Val="synthesis"/>
        <Attr Name="UsedIn" Val="implementation"/>
        <Attr Name="UsedIn" Val="simulation"/>
      </FileInfo>
    </File>
    <File Path="$PSRCDIR/sources_1/imports/src/axi_lite_to_axi.sv">
      <FileInfo>
        <Attr Name="AutoDisabled" Val="1"/>
        <Attr Name="ImportPath" Val="D:/OneDrive/OneDrive - University of Florida/SoC Compiler Tool/AXI SoC/axi-master-Copy/axi-master/src/axi_lite_to_axi.sv"/>
        <Attr Name="ImportTime" Val="1559042574"/>
        <Attr Name="UsedIn" Val="synthesis"/>
        <Attr Name="UsedIn" Val="implementation"/>
        <Attr Name="UsedIn" Val="simulation"/>
      </FileInfo>
    </File>
    <File Path="$PSRCDIR/sources_1/imports/src/axi_modify_address.sv">
      <FileInfo>
        <Attr Name="AutoDisabled" Val="1"/>
        <Attr Name="ImportPath" Val="D:/OneDrive/OneDrive - University of Florida/SoC Compiler Tool/AXI SoC/axi-master-Copy/axi-master/src/axi_modify_address.sv"/>
        <Attr Name="ImportTime" Val="1559042574"/>
        <Attr Name="UsedIn" Val="synthesis"/>
        <Attr Name="UsedIn" Val="implementation"/>
        <Attr Name="UsedIn" Val="simulation"/>
      </FileInfo>
    </File>
    <File Path="$PSRCDIR/sources_1/imports/hdl_cores/gps/gps_top_axi4lite.sv">
      <FileInfo>
        <Attr Name="AutoDisabled" Val="1"/>
        <Attr Name="ImportPath" Val="D:/OneDrive/OneDrive - University of Florida/SoC Compiler Tool/AXI SoC/CEP-master-Copy/CEP-master/hdl_cores/gps/gps_top_axi4lite.sv"/>
        <Attr Name="ImportTime" Val="1544558157"/>
        <Attr Name="UsedIn" Val="synthesis"/>
        <Attr Name="UsedIn" Val="implementation"/>
        <Attr Name="UsedIn" Val="simulation"/>
      </FileInfo>
    </File>
    <File Path="$PSRCDIR/sources_1/imports/hdl_cores/ram/ram_top_axi4lite.sv">
      <FileInfo>
        <Attr Name="AutoDisabled" Val="1"/>
        <Attr Name="ImportPath" Val="D:/OneDrive/OneDrive - University of Florida/SoC Compiler Tool/AXI SoC/CEP-master-Copy/CEP-master/hdl_cores/ram/ram_top_axi4lite.sv"/>
        <Attr Name="ImportTime" Val="1544558157"/>
        <Attr Name="UsedIn" Val="synthesis"/>
        <Attr Name="UsedIn" Val="implementation"/>
        <Attr Name="UsedIn" Val="simulation"/>
      </FileInfo>
    </File>
    <File Path="$PSRCDIR/sources_1/imports/hdl_cores/rsa/rtl/rsa_top_axi4lite.sv">
      <FileInfo>
        <Attr Name="AutoDisabled" Val="1"/>
        <Attr Name="ImportPath" Val="D:/OneDrive/OneDrive - University of Florida/SoC Compiler Tool/AXI SoC/CEP-master-Copy/CEP-master/hdl_cores/rsa/rtl/rsa_top_axi4lite.sv"/>
        <Attr Name="ImportTime" Val="1544558157"/>
        <Attr Name="UsedIn" Val="synthesis"/>
        <Attr Name="UsedIn" Val="implementation"/>
        <Attr Name="UsedIn" Val="simulation"/>
      </FileInfo>
    </File>
    <File Path="$PSRCDIR/sources_1/imports/hdl_cores/top/orpsoc-defines.sv">
      <FileInfo SFType="VHeader">
        <Attr Name="AutoDisabled" Val="1"/>
        <Attr Name="ImportPath" Val="D:/OneDrive/OneDrive - University of Florida/SoC Compiler Tool/AXI SoC/CEP-master-Copy/CEP-master/hdl_cores/top/orpsoc-defines.sv"/>
        <Attr Name="ImportTime" Val="1544558157"/>
        <Attr Name="UsedIn" Val="synthesis"/>
        <Attr Name="UsedIn" Val="simulation"/>
      </FileInfo>
    </File>
    <File Path="$PSRCDIR/sources_1/imports/includes/config.sv">
      <FileInfo SFType="VHeader">
        <Attr Name="AutoDisabled" Val="1"/>
        <Attr Name="ImportPath" Val="C:/Users/atulp/Downloads/pulpino-master/rtl/includes/config.sv"/>
        <Attr Name="ImportTime" Val="1559122189"/>
        <Attr Name="UsedIn" Val="synthesis"/>
        <Attr Name="UsedIn" Val="simulation"/>
      </FileInfo>
    </File>
    <File Path="$PSRCDIR/sources_1/imports/hdl_cores/rsa/src/extKeys.h">
      <FileInfo>
        <Attr Name="AutoDisabled" Val="1"/>
        <Attr Name="ImportPath" Val="D:/OneDrive/OneDrive - University of Florida/SoC Compiler Tool/AXI SoC/CEP-master-Copy/CEP-master/hdl_cores/rsa/src/extKeys.h"/>
        <Attr Name="ImportTime" Val="1544558157"/>
        <Attr Name="UsedIn" Val="synthesis"/>
        <Attr Name="UsedIn" Val="simulation"/>
      </FileInfo>
    </File>
    <File Path="$PSRCDIR/sources_1/imports/hdl_cores/dsp/idft/IDFT.h">
      <FileInfo>
        <Attr Name="AutoDisabled" Val="1"/>
        <Attr Name="ImportPath" Val="D:/OneDrive/OneDrive - University of Florida/SoC Compiler Tool/AXI SoC/CEP-master-Copy/CEP-master/hdl_cores/dsp/idft/IDFT.h"/>
        <Attr Name="ImportTime" Val="1544558157"/>
        <Attr Name="UsedIn" Val="synthesis"/>
        <Attr Name="UsedIn" Val="simulation"/>
      </FileInfo>
    </File>
    <File Path="$PSRCDIR/sources_1/imports/hdl_cores/dsp/dft/input.h">
      <FileInfo>
        <Attr Name="AutoDisabled" Val="1"/>
        <Attr Name="ImportPath" Val="D:/OneDrive/OneDrive - University of Florida/SoC Compiler Tool/AXI SoC/CEP-master-Copy/CEP-master/hdl_cores/dsp/dft/input.h"/>
        <Attr Name="ImportTime" Val="1544558157"/>
        <Attr Name="UsedIn" Val="synthesis"/>
        <Attr Name="UsedIn" Val="simulation"/>
      </FileInfo>
    </File>
    <File Path="$PSRCDIR/sources_1/imports/hdl_cores/dsp/idft/input.h">
      <FileInfo>
        <Attr Name="AutoDisabled" Val="1"/>
        <Attr Name="ImportPath" Val="D:/OneDrive/OneDrive - University of Florida/SoC Compiler Tool/AXI SoC/CEP-master-Copy/CEP-master/hdl_cores/dsp/idft/input.h"/>
        <Attr Name="ImportTime" Val="1544558157"/>
        <Attr Name="UsedIn" Val="synthesis"/>
        <Attr Name="UsedIn" Val="simulation"/>
      </FileInfo>
    </File>
    <File Path="$PSRCDIR/sources_1/imports/hdl_cores/rsa/src/file.h">
      <FileInfo>
        <Attr Name="AutoDisabled" Val="1"/>
        <Attr Name="ImportPath" Val="D:/OneDrive/OneDrive - University of Florida/SoC Compiler Tool/AXI SoC/CEP-master-Copy/CEP-master/hdl_cores/rsa/src/file.h"/>
        <Attr Name="ImportTime" Val="1544558157"/>
        <Attr Name="UsedIn" Val="synthesis"/>
        <Attr Name="UsedIn" Val="simulation"/>
      </FileInfo>
    </File>
    <File Path="$PSRCDIR/sources_1/imports/hdl_cores/gps/GPS.h">
      <FileInfo>
        <Attr Name="AutoDisabled" Val="1"/>
        <Attr Name="ImportPath" Val="D:/OneDrive/OneDrive - University of Florida/SoC Compiler Tool/AXI SoC/CEP-master-Copy/CEP-master/hdl_cores/gps/GPS.h"/>
        <Attr Name="ImportTime" Val="1544558157"/>
        <Attr Name="UsedIn" Val="synthesis"/>
        <Attr Name="UsedIn" Val="simulation"/>
      </FileInfo>
    </File>
    <File Path="$PSRCDIR/sources_1/imports/hdl_cores/dsp/fir/FIR.h">
      <FileInfo>
        <Attr Name="AutoDisabled" Val="1"/>
        <Attr Name="ImportPath" Val="D:/OneDrive/OneDrive - University of Florida/SoC Compiler Tool/AXI SoC/CEP-master-Copy/CEP-master/hdl_cores/dsp/fir/FIR.h"/>
        <Attr Name="ImportTime" Val="1544558157"/>
        <Attr Name="UsedIn" Val="synthesis"/>
        <Attr Name="UsedIn" Val="simulation"/>
      </FileInfo>
    </File>
    <File Path="$PSRCDIR/sources_1/imports/hdl_cores/rsa/src/input.h">
      <FileInfo>
        <Attr Name="AutoDisabled" Val="1"/>
        <Attr Name="ImportPath" Val="D:/OneDrive/OneDrive - University of Florida/SoC Compiler Tool/AXI SoC/CEP-master-Copy/CEP-master/hdl_cores/rsa/src/input.h"/>
        <Attr Name="ImportTime" Val="1544558157"/>
        <Attr Name="UsedIn" Val="synthesis"/>
        <Attr Name="UsedIn" Val="simulation"/>
      </FileInfo>
    </File>
    <File Path="$PSRCDIR/sources_1/imports/hdl_cores/md5/MD5.h">
      <FileInfo>
        <Attr Name="AutoDisabled" Val="1"/>
        <Attr Name="ImportPath" Val="D:/OneDrive/OneDrive - University of Florida/SoC Compiler Tool/AXI SoC/CEP-master-Copy/CEP-master/hdl_cores/md5/MD5.h"/>
        <Attr Name="ImportTime" Val="1544558157"/>
        <Attr Name="UsedIn" Val="synthesis"/>
        <Attr Name="UsedIn" Val="simulation"/>
      </FileInfo>
    </File>
    <File Path="$PSRCDIR/sources_1/imports/hdl_cores/sha256/SHA256.h">
      <FileInfo>
        <Attr Name="AutoDisabled" Val="1"/>
        <Attr Name="ImportPath" Val="D:/OneDrive/OneDrive - University of Florida/SoC Compiler Tool/AXI SoC/CEP-master-Copy/CEP-master/hdl_cores/sha256/SHA256.h"/>
        <Attr Name="ImportTime" Val="1544558157"/>
        <Attr Name="UsedIn" Val="synthesis"/>
        <Attr Name="UsedIn" Val="simulation"/>
      </FileInfo>
    </File>
    <File Path="$PSRCDIR/sources_1/imports/hdl_cores/dsp/dft/DFT.h">
      <FileInfo>
        <Attr Name="AutoDisabled" Val="1"/>
        <Attr Name="ImportPath" Val="D:/OneDrive/OneDrive - University of Florida/SoC Compiler Tool/AXI SoC/CEP-master-Copy/CEP-master/hdl_cores/dsp/dft/DFT.h"/>
        <Attr Name="ImportTime" Val="1544558157"/>
        <Attr Name="UsedIn" Val="synthesis"/>
        <Attr Name="UsedIn" Val="simulation"/>
      </FileInfo>
    </File>
    <File Path="$PSRCDIR/sources_1/imports/hdl_cores/md5/input.h">
      <FileInfo>
        <Attr Name="AutoDisabled" Val="1"/>
        <Attr Name="ImportPath" Val="D:/OneDrive/OneDrive - University of Florida/SoC Compiler Tool/AXI SoC/CEP-master-Copy/CEP-master/hdl_cores/md5/input.h"/>
        <Attr Name="ImportTime" Val="1544558157"/>
        <Attr Name="UsedIn" Val="synthesis"/>
        <Attr Name="UsedIn" Val="simulation"/>
      </FileInfo>
    </File>
    <File Path="$PSRCDIR/sources_1/imports/hdl_cores/top/timescale.v">
      <FileInfo>
        <Attr Name="AutoDisabled" Val="1"/>
        <Attr Name="ImportPath" Val="D:/OneDrive/OneDrive - University of Florida/SoC Compiler Tool/AXI SoC/CEP-master-Copy/CEP-master/hdl_cores/top/timescale.v"/>
        <Attr Name="ImportTime" Val="1544558157"/>
        <Attr Name="UsedIn" Val="synthesis"/>
        <Attr Name="UsedIn" Val="implementation"/>
        <Attr Name="UsedIn" Val="simulation"/>
      </FileInfo>
    </File>
    <File Path="$PSRCDIR/sources_1/imports/hdl_cores/rsa/pem/pubkey.h">
      <FileInfo>
        <Attr Name="AutoDisabled" Val="1"/>
        <Attr Name="ImportPath" Val="D:/OneDrive/OneDrive - University of Florida/SoC Compiler Tool/AXI SoC/CEP-master-Copy/CEP-master/hdl_cores/rsa/pem/pubkey.h"/>
        <Attr Name="ImportTime" Val="1544558157"/>
        <Attr Name="UsedIn" Val="synthesis"/>
        <Attr Name="UsedIn" Val="simulation"/>
      </FileInfo>
    </File>
    <File Path="$PSRCDIR/sources_1/imports/hdl_cores/sha256/input.h">
      <FileInfo>
        <Attr Name="AutoDisabled" Val="1"/>
        <Attr Name="ImportPath" Val="D:/OneDrive/OneDrive - University of Florida/SoC Compiler Tool/AXI SoC/CEP-master-Copy/CEP-master/hdl_cores/sha256/input.h"/>
        <Attr Name="ImportTime" Val="1544558157"/>
        <Attr Name="UsedIn" Val="synthesis"/>
        <Attr Name="UsedIn" Val="simulation"/>
      </FileInfo>
    </File>
    <File Path="$PSRCDIR/sources_1/imports/hdl_cores/dsp/iir/IIR.h">
      <FileInfo>
        <Attr Name="AutoDisabled" Val="1"/>
        <Attr Name="ImportPath" Val="D:/OneDrive/OneDrive - University of Florida/SoC Compiler Tool/AXI SoC/CEP-master-Copy/CEP-master/hdl_cores/dsp/iir/IIR.h"/>
        <Attr Name="ImportTime" Val="1544558157"/>
        <Attr Name="UsedIn" Val="synthesis"/>
        <Attr Name="UsedIn" Val="simulation"/>
      </FileInfo>
    </File>
    <File Path="$PSRCDIR/sources_1/imports/hdl_cores/rsa/src/hex2ascii.h">
      <FileInfo>
        <Attr Name="AutoDisabled" Val="1"/>
        <Attr Name="ImportPath" Val="D:/OneDrive/OneDrive - University of Florida/SoC Compiler Tool/AXI SoC/CEP-master-Copy/CEP-master/hdl_cores/rsa/src/hex2ascii.h"/>
        <Attr Name="ImportTime" Val="1544558157"/>
        <Attr Name="UsedIn" Val="synthesis"/>
        <Attr Name="UsedIn" Val="simulation"/>
      </FileInfo>
    </File>
    <File Path="$PSRCDIR/sources_1/imports/hdl_cores/rsa/src/RSA.h">
      <FileInfo>
        <Attr Name="AutoDisabled" Val="1"/>
        <Attr Name="ImportPath" Val="D:/OneDrive/OneDrive - University of Florida/SoC Compiler Tool/AXI SoC/CEP-master-Copy/CEP-master/hdl_cores/rsa/src/RSA.h"/>
        <Attr Name="ImportTime" Val="1544558157"/>
        <Attr Name="UsedIn" Val="synthesis"/>
        <Attr Name="UsedIn" Val="simulation"/>
      </FileInfo>
    </File>
    <File Path="$PSRCDIR/sources_1/imports/hdl_cores/rsa/pem/prikey.h">
      <FileInfo>
        <Attr Name="AutoDisabled" Val="1"/>
        <Attr Name="ImportPath" Val="D:/OneDrive/OneDrive - University of Florida/SoC Compiler Tool/AXI SoC/CEP-master-Copy/CEP-master/hdl_cores/rsa/pem/prikey.h"/>
        <Attr Name="ImportTime" Val="1544558157"/>
        <Attr Name="UsedIn" Val="synthesis"/>
        <Attr Name="UsedIn" Val="simulation"/>
      </FileInfo>
    </File>
    <File Path="$PSRCDIR/sources_1/imports/hdl_cores/rsa/src/define.h">
      <FileInfo>
        <Attr Name="AutoDisabled" Val="1"/>
        <Attr Name="ImportPath" Val="D:/OneDrive/OneDrive - University of Florida/SoC Compiler Tool/AXI SoC/CEP-master-Copy/CEP-master/hdl_cores/rsa/src/define.h"/>
        <Attr Name="ImportTime" Val="1544558157"/>
        <Attr Name="UsedIn" Val="synthesis"/>
        <Attr Name="UsedIn" Val="simulation"/>
      </FileInfo>
    </File>
    <File Path="$PSRCDIR/sources_1/imports/hdl_cores/dsp/fir/input.h">
      <FileInfo>
        <Attr Name="AutoDisabled" Val="1"/>
        <Attr Name="ImportPath" Val="D:/OneDrive/OneDrive - University of Florida/SoC Compiler Tool/AXI SoC/CEP-master-Copy/CEP-master/hdl_cores/dsp/fir/input.h"/>
        <Attr Name="ImportTime" Val="1544558157"/>
        <Attr Name="UsedIn" Val="synthesis"/>
        <Attr Name="UsedIn" Val="simulation"/>
      </FileInfo>
    </File>
    <File Path="$PSRCDIR/sources_1/imports/hdl_cores/dsp/iir/input.h">
      <FileInfo>
        <Attr Name="AutoDisabled" Val="1"/>
        <Attr Name="ImportPath" Val="D:/OneDrive/OneDrive - University of Florida/SoC Compiler Tool/AXI SoC/CEP-master-Copy/CEP-master/hdl_cores/dsp/iir/input.h"/>
        <Attr Name="ImportTime" Val="1544558157"/>
        <Attr Name="UsedIn" Val="synthesis"/>
        <Attr Name="UsedIn" Val="simulation"/>
      </FileInfo>
    </File>
    <File Path="$PSRCDIR/sources_1/imports/hdl_cores/rsa/src/ascii2hex.h">
      <FileInfo>
        <Attr Name="AutoDisabled" Val="1"/>
        <Attr Name="ImportPath" Val="D:/OneDrive/OneDrive - University of Florida/SoC Compiler Tool/AXI SoC/CEP-master-Copy/CEP-master/hdl_cores/rsa/src/ascii2hex.h"/>
        <Attr Name="ImportTime" Val="1544558157"/>
        <Attr Name="UsedIn" Val="synthesis"/>
        <Attr Name="UsedIn" Val="simulation"/>
      </FileInfo>
    </File>
    <File Path="$PSRCDIR/sources_1/imports/hdl_cores/des3/DES3.h">
      <FileInfo>
        <Attr Name="AutoDisabled" Val="1"/>
        <Attr Name="ImportPath" Val="D:/OneDrive/OneDrive - University of Florida/SoC Compiler Tool/AXI SoC/CEP-master-Copy/CEP-master/hdl_cores/des3/DES3.h"/>
        <Attr Name="ImportTime" Val="1544558157"/>
        <Attr Name="UsedIn" Val="synthesis"/>
        <Attr Name="UsedIn" Val="simulation"/>
      </FileInfo>
    </File>
    <File Path="$PSRCDIR/sources_1/imports/hdl_cores/aes/AES.h">
      <FileInfo>
        <Attr Name="AutoDisabled" Val="1"/>
        <Attr Name="ImportPath" Val="D:/OneDrive/OneDrive - University of Florida/SoC Compiler Tool/AXI SoC/CEP-master-Copy/CEP-master/hdl_cores/aes/AES.h"/>
        <Attr Name="ImportTime" Val="1544558157"/>
        <Attr Name="UsedIn" Val="synthesis"/>
        <Attr Name="UsedIn" Val="simulation"/>
      </FileInfo>
    </File>
    <File Path="$PSRCDIR/sources_1/imports/src/axi_test.sv">
      <FileInfo>
        <Attr Name="AutoDisabled" Val="1"/>
        <Attr Name="ImportPath" Val="D:/OneDrive/OneDrive - University of Florida/SoC Compiler Tool/AXI SoC/axi-master-Copy/axi-master/src/axi_test.sv"/>
        <Attr Name="ImportTime" Val="1559042574"/>
        <Attr Name="UsedIn" Val="synthesis"/>
        <Attr Name="UsedIn" Val="implementation"/>
        <Attr Name="UsedIn" Val="simulation"/>
      </FileInfo>
    </File>
    <File Path="$PSRCDIR/sources_1/imports/top/timescale.v">
      <FileInfo>
        <Attr Name="AutoDisabled" Val="1"/>
        <Attr Name="ImportPath" Val="D:/OneDrive/OneDrive - University of Florida/SoC Compiler Tool/AXI SoC/CEP-master-Copy/CEP-master/hdl_cores/top/timescale.v"/>
        <Attr Name="ImportTime" Val="1544558157"/>
        <Attr Name="UsedIn" Val="synthesis"/>
        <Attr Name="UsedIn" Val="implementation"/>
        <Attr Name="UsedIn" Val="simulation"/>
      </FileInfo>
    </File>
    <File Path="$PSRCDIR/sources_1/imports/dsp/iir/input.h">
      <FileInfo>
        <Attr Name="AutoDisabled" Val="1"/>
        <Attr Name="ImportPath" Val="D:/OneDrive/OneDrive - University of Florida/SoC Compiler Tool/AXI SoC/CEP-master-Copy/CEP-master/hdl_cores/dsp/iir/input.h"/>
        <Attr Name="ImportTime" Val="1544558157"/>
        <Attr Name="UsedIn" Val="synthesis"/>
        <Attr Name="UsedIn" Val="simulation"/>
      </FileInfo>
    </File>
    <File Path="$PSRCDIR/sources_1/imports/dsp/iir/IIR.h">
      <FileInfo>
        <Attr Name="AutoDisabled" Val="1"/>
        <Attr Name="ImportPath" Val="D:/OneDrive/OneDrive - University of Florida/SoC Compiler Tool/AXI SoC/CEP-master-Copy/CEP-master/hdl_cores/dsp/iir/IIR.h"/>
        <Attr Name="ImportTime" Val="1544558157"/>
        <Attr Name="UsedIn" Val="synthesis"/>
        <Attr Name="UsedIn" Val="simulation"/>
      </FileInfo>
    </File>
    <File Path="$PSRCDIR/sources_1/imports/dsp/fir/FIR.h">
      <FileInfo>
        <Attr Name="AutoDisabled" Val="1"/>
        <Attr Name="ImportPath" Val="D:/OneDrive/OneDrive - University of Florida/SoC Compiler Tool/AXI SoC/CEP-master-Copy/CEP-master/hdl_cores/dsp/fir/FIR.h"/>
        <Attr Name="ImportTime" Val="1544558157"/>
        <Attr Name="UsedIn" Val="synthesis"/>
        <Attr Name="UsedIn" Val="simulation"/>
      </FileInfo>
    </File>
    <File Path="$PSRCDIR/sources_1/imports/dsp/idft/IDFT.h">
      <FileInfo>
        <Attr Name="AutoDisabled" Val="1"/>
        <Attr Name="ImportPath" Val="D:/OneDrive/OneDrive - University of Florida/SoC Compiler Tool/AXI SoC/CEP-master-Copy/CEP-master/hdl_cores/dsp/idft/IDFT.h"/>
        <Attr Name="ImportTime" Val="1544558157"/>
        <Attr Name="UsedIn" Val="synthesis"/>
        <Attr Name="UsedIn" Val="simulation"/>
      </FileInfo>
    </File>
    <File Path="$PSRCDIR/sources_1/imports/dsp/dft/input.h">
      <FileInfo>
        <Attr Name="AutoDisabled" Val="1"/>
        <Attr Name="ImportPath" Val="D:/OneDrive/OneDrive - University of Florida/SoC Compiler Tool/AXI SoC/CEP-master-Copy/CEP-master/hdl_cores/dsp/dft/input.h"/>
        <Attr Name="ImportTime" Val="1544558157"/>
        <Attr Name="UsedIn" Val="synthesis"/>
        <Attr Name="UsedIn" Val="simulation"/>
      </FileInfo>
    </File>
    <File Path="$PSRCDIR/sources_1/imports/dsp/dft/DFT.h">
      <FileInfo>
        <Attr Name="AutoDisabled" Val="1"/>
        <Attr Name="ImportPath" Val="D:/OneDrive/OneDrive - University of Florida/SoC Compiler Tool/AXI SoC/CEP-master-Copy/CEP-master/hdl_cores/dsp/dft/DFT.h"/>
        <Attr Name="ImportTime" Val="1544558157"/>
        <Attr Name="UsedIn" Val="synthesis"/>
        <Attr Name="UsedIn" Val="simulation"/>
      </FileInfo>
    </File>
    <File Path="$PSRCDIR/sources_1/imports/dsp/idft/input.h">
      <FileInfo>
        <Attr Name="AutoDisabled" Val="1"/>
        <Attr Name="ImportPath" Val="D:/OneDrive/OneDrive - University of Florida/SoC Compiler Tool/AXI SoC/CEP-master-Copy/CEP-master/hdl_cores/dsp/idft/input.h"/>
        <Attr Name="ImportTime" Val="1544558157"/>
        <Attr Name="UsedIn" Val="synthesis"/>
        <Attr Name="UsedIn" Val="simulation"/>
      </FileInfo>
    </File>
    <File Path="$PSRCDIR/sources_1/imports/dsp/fir/input.h">
      <FileInfo>
        <Attr Name="AutoDisabled" Val="1"/>
        <Attr Name="ImportPath" Val="D:/OneDrive/OneDrive - University of Florida/SoC Compiler Tool/AXI SoC/CEP-master-Copy/CEP-master/hdl_cores/dsp/fir/input.h"/>
        <Attr Name="ImportTime" Val="1544558157"/>
        <Attr Name="UsedIn" Val="synthesis"/>
        <Attr Name="UsedIn" Val="simulation"/>
      </FileInfo>
    </File>
    <File Path="$PSRCDIR/sources_1/imports/includes/debug_bus.sv">
      <FileInfo>
        <Attr Name="AutoDisabled" Val="1"/>
        <Attr Name="ImportPath" Val="C:/Users/atulp/Downloads/pulpino-master/rtl/includes/debug_bus.sv"/>
        <Attr Name="ImportTime" Val="1559122189"/>
        <Attr Name="UsedIn" Val="synthesis"/>
        <Attr Name="UsedIn" Val="implementation"/>
        <Attr Name="UsedIn" Val="simulation"/>
      </FileInfo>
    </File>
    <File Path="$PSRCDIR/sources_1/imports/includes/apu_defines.sv">
      <FileInfo>
        <Attr Name="AutoDisabled" Val="1"/>
        <Attr Name="ImportPath" Val="C:/Users/atulp/Downloads/pulpino-master/rtl/includes/apu_defines.sv"/>
        <Attr Name="ImportTime" Val="1559122189"/>
        <Attr Name="UsedIn" Val="synthesis"/>
        <Attr Name="UsedIn" Val="implementation"/>
        <Attr Name="UsedIn" Val="simulation"/>
      </FileInfo>
    </File>
    <File Path="$PSRCDIR/sources_1/imports/includes/apb_bus.sv">
      <FileInfo>
        <Attr Name="AutoDisabled" Val="1"/>
        <Attr Name="ImportPath" Val="C:/Users/atulp/Downloads/pulpino-master/rtl/includes/apb_bus.sv"/>
        <Attr Name="ImportTime" Val="1559122189"/>
        <Attr Name="UsedIn" Val="synthesis"/>
        <Attr Name="UsedIn" Val="implementation"/>
        <Attr Name="UsedIn" Val="simulation"/>
      </FileInfo>
    </File>
    <Config>
      <Option Name="DesignMode" Val="RTL"/>
      <Option Name="TopModule" Val="axi_top"/>
    </Config>
  </FileSet>
  <FileSet Name="constrs_in" Type="Constrs" RelSrcDir="$PSRCDIR/constrs_1">
    <Filter Type="Constrs"/>
    <File Path="$PSRCDIR/constrs_1/imports/header/axi_soc_constraints.xdc">
      <FileInfo>
        <Attr Name="ImportPath" Val="$PPRDIR/../axi_soc/RTL/header/axi_soc_constraints.xdc"/>
        <Attr Name="ImportTime" Val="1581383644"/>
        <Attr Name="UsedIn" Val="synthesis"/>
        <Attr Name="UsedIn" Val="implementation"/>
      </FileInfo>
    </File>
    <Config>
      <Option Name="ConstrsType" Val="XDC"/>
    </Config>
  </FileSet>
  <FileSet Name="utils" Type="Utils" RelSrcDir="$PSRCDIR/utils_1">
    <Filter Type="Utils"/>
    <Config>
      <Option Name="TopAutoSet" Val="TRUE"/>
    </Config>
  </FileSet>
  <Strategy Version="1" Minor="2">
    <StratHandle Name="Vivado Synthesis Defaults" Flow="Vivado Synthesis 2018"/>
    <Step Id="synth_design"/>
  </Strategy>
</GenRun>
